国家,指数名称,指数编码,日期,值
"阿富汗"	,"对中国出口"	,"120055809"	,"2016-12-31"	,"453.4"	,
"阿富汗"	,"对中国出口"	,"120055809"	,"2017-12-31"	,"342.8"	,
"阿富汗"	,"对中国出口"	,"120055809"	,"2018-12-31"	,"2407.9"	,
"阿富汗"	,"对中国出口"	,"120055809"	,"2019-12-31"	,"2927.9265"	,
"阿富汗"	,"对中国出口"	,"120055809"	,"2020-12-31"	,"5451.23"	,
"阿富汗"	,"对中国出口"	,"120055809"	,"2021-12-31"	,"4953"	,
"阿富汗"	,"对中国出口"	,"120055809"	,"2022-12-31"	,"4202"	,
"阿富汗"	,"对中国出口"	,"120055809"	,"2023-12-31"	,"6391"	,
"阿富汗"	,"对中国出口"	,"120055809"	,"2024-12-31"	,"4217.239"	,
"阿富汗"	,"从中国进口"	,"120056036"	,"2016-12-31"	,"43129.3"	,
"阿富汗"	,"从中国进口"	,"120056036"	,"2017-12-31"	,"54120.6"	,
"阿富汗"	,"从中国进口"	,"120056036"	,"2018-12-31"	,"66759"	,
"阿富汗"	,"从中国进口"	,"120056036"	,"2019-12-31"	,"59979.9484"	,
"阿富汗"	,"从中国进口"	,"120056036"	,"2020-12-31"	,"50068.0466"	,
"阿富汗"	,"从中国进口"	,"120056036"	,"2021-12-31"	,"47445"	,
"阿富汗"	,"从中国进口"	,"120056036"	,"2022-12-31"	,"55027"	,
"阿富汗"	,"从中国进口"	,"120056036"	,"2023-12-31"	,"126879"	,
"阿富汗"	,"从中国进口"	,"120056036"	,"2024-12-31"	,"154378.983"	,
"阿联酋"	,"对中国出口"	,"120055772"	,"2016-12-31"	,"999436.3"	,
"阿联酋"	,"对中国出口"	,"120055772"	,"2017-12-31"	,"1231115.8"	,
"阿联酋"	,"对中国出口"	,"120055772"	,"2018-12-31"	,"1623776.7"	,
"阿联酋"	,"对中国出口"	,"120055772"	,"2019-12-31"	,"1533673.8558"	,
"阿联酋"	,"对中国出口"	,"120055772"	,"2020-12-31"	,"1705481.9809"	,
"阿联酋"	,"对中国出口"	,"120055772"	,"2021-12-31"	,"2857327"	,
"阿联酋"	,"对中国出口"	,"120055772"	,"2022-12-31"	,"4541667"	,
"阿联酋"	,"对中国出口"	,"120055772"	,"2023-12-31"	,"3931267"	,
"阿联酋"	,"对中国出口"	,"120055772"	,"2024-12-31"	,"3624491.1927"	,
"阿联酋"	,"从中国进口"	,"120055999"	,"2016-12-31"	,"3007252.6"	,
"阿联酋"	,"从中国进口"	,"120055999"	,"2017-12-31"	,"2872396.5"	,
"阿联酋"	,"从中国进口"	,"120055999"	,"2018-12-31"	,"2965124.8"	,
"阿联酋"	,"从中国进口"	,"120055999"	,"2019-12-31"	,"3341289.4763"	,
"阿联酋"	,"从中国进口"	,"120055999"	,"2020-12-31"	,"3231034.727"	,
"阿联酋"	,"从中国进口"	,"120055999"	,"2021-12-31"	,"4375166"	,
"阿联酋"	,"从中国进口"	,"120055999"	,"2022-12-31"	,"5341911"	,
"阿联酋"	,"从中国进口"	,"120055999"	,"2023-12-31"	,"5568201"	,
"阿联酋"	,"从中国进口"	,"120055999"	,"2024-12-31"	,"6559282.347"	,
"阿曼"	,"对中国出口"	,"120055784"	,"2016-12-31"	,"1204102.4"	,
"阿曼"	,"对中国出口"	,"120055784"	,"2017-12-31"	,"1338327.8"	,
"阿曼"	,"对中国出口"	,"120055784"	,"2018-12-31"	,"1889851.1"	,
"阿曼"	,"对中国出口"	,"120055784"	,"2019-12-31"	,"1965015.5145"	,
"阿曼"	,"对中国出口"	,"120055784"	,"2020-12-31"	,"1565946.4292"	,
"阿曼"	,"对中国出口"	,"120055784"	,"2021-12-31"	,"2859170"	,
"阿曼"	,"对中国出口"	,"120055784"	,"2022-12-31"	,"3624179"	,
"阿曼"	,"对中国出口"	,"120055784"	,"2023-12-31"	,"3128266"	,
"阿曼"	,"对中国出口"	,"120055784"	,"2024-12-31"	,"3093488.8679"	,
"阿曼"	,"从中国进口"	,"120056011"	,"2016-12-31"	,"214809"	,
"阿曼"	,"从中国进口"	,"120056011"	,"2017-12-31"	,"231645.3"	,
"阿曼"	,"从中国进口"	,"120056011"	,"2018-12-31"	,"286461.1"	,
"阿曼"	,"从中国进口"	,"120056011"	,"2019-12-31"	,"302094.4207"	,
"阿曼"	,"从中国进口"	,"120056011"	,"2020-12-31"	,"307646.7706"	,
"阿曼"	,"从中国进口"	,"120056011"	,"2021-12-31"	,"356515"	,
"阿曼"	,"从中国进口"	,"120056011"	,"2022-12-31"	,"413999"	,
"阿曼"	,"从中国进口"	,"120056011"	,"2023-12-31"	,"379802"	,
"阿曼"	,"从中国进口"	,"120056011"	,"2024-12-31"	,"579706.8334"	,
"阿塞拜疆"	,"对中国出口"	,"120055687"	,"2016-12-31"	,"41208.2"	,
"阿塞拜疆"	,"对中国出口"	,"120055687"	,"2017-12-31"	,"57745.4"	,
"阿塞拜疆"	,"对中国出口"	,"120055687"	,"2018-12-31"	,"38201.8"	,
"阿塞拜疆"	,"对中国出口"	,"120055687"	,"2019-12-31"	,"86923.2294"	,
"阿塞拜疆"	,"对中国出口"	,"120055687"	,"2020-12-31"	,"69877.9881"	,
"阿塞拜疆"	,"对中国出口"	,"120055687"	,"2021-12-31"	,"20503"	,
"阿塞拜疆"	,"对中国出口"	,"120055687"	,"2022-12-31"	,"24587"	,
"阿塞拜疆"	,"对中国出口"	,"120055687"	,"2023-12-31"	,"17107.3332"	,
"阿塞拜疆"	,"对中国出口"	,"120055687"	,"2024-12-31"	,"6121.8173"	,
"阿塞拜疆"	,"从中国进口"	,"120055897"	,"2016-12-31"	,"34600.2"	,
"阿塞拜疆"	,"从中国进口"	,"120055897"	,"2017-12-31"	,"38697.1"	,
"阿塞拜疆"	,"从中国进口"	,"120055897"	,"2018-12-31"	,"51592.8"	,
"阿塞拜疆"	,"从中国进口"	,"120055897"	,"2019-12-31"	,"61639.1737"	,
"阿塞拜疆"	,"从中国进口"	,"120055897"	,"2020-12-31"	,"61787.0102"	,
"阿塞拜疆"	,"从中国进口"	,"120055897"	,"2021-12-31"	,"99488"	,
"阿塞拜疆"	,"从中国进口"	,"120055897"	,"2022-12-31"	,"113092"	,
"阿塞拜疆"	,"从中国进口"	,"120055897"	,"2023-12-31"	,"155065"	,
"阿塞拜疆"	,"从中国进口"	,"120055897"	,"2024-12-31"	,"240409.3198"	,
"巴基斯坦"	,"对中国出口"	,"120055783"	,"2016-12-31"	,"191259.3"	,
"巴基斯坦"	,"对中国出口"	,"120055783"	,"2017-12-31"	,"183321.9"	,
"巴基斯坦"	,"对中国出口"	,"120055783"	,"2018-12-31"	,"217208.6"	,
"巴基斯坦"	,"对中国出口"	,"120055783"	,"2019-12-31"	,"180612.5989"	,
"巴基斯坦"	,"对中国出口"	,"120055783"	,"2020-12-31"	,"212487.3682"	,
"巴基斯坦"	,"对中国出口"	,"120055783"	,"2021-12-31"	,"358448"	,
"巴基斯坦"	,"对中国出口"	,"120055783"	,"2022-12-31"	,"341602"	,
"巴基斯坦"	,"对中国出口"	,"120055783"	,"2023-12-31"	,"345099"	,
"巴基斯坦"	,"对中国出口"	,"120055783"	,"2024-12-31"	,"282232.2248"	,
"巴基斯坦"	,"从中国进口"	,"120056010"	,"2016-12-31"	,"1723446.4"	,
"巴基斯坦"	,"从中国进口"	,"120056010"	,"2017-12-31"	,"1825078.9"	,
"巴基斯坦"	,"从中国进口"	,"120056010"	,"2018-12-31"	,"1693331.7"	,
"巴基斯坦"	,"从中国进口"	,"120056010"	,"2019-12-31"	,"1616692.1086"	,
"巴基斯坦"	,"从中国进口"	,"120056010"	,"2020-12-31"	,"1535767.0905"	,
"巴基斯坦"	,"从中国进口"	,"120056010"	,"2021-12-31"	,"2424040"	,
"巴基斯坦"	,"从中国进口"	,"120056010"	,"2022-12-31"	,"2285078"	,
"巴基斯坦"	,"从中国进口"	,"120056010"	,"2023-12-31"	,"1729693"	,
"巴基斯坦"	,"从中国进口"	,"120056010"	,"2024-12-31"	,"2023365.562"	,
"巴勒斯坦"	,"对中国出口"	,"120055782"	,"2016-12-31"	,"30.9"	,
"巴勒斯坦"	,"对中国出口"	,"120055782"	,"2017-12-31"	,"11.8"	,
"巴勒斯坦"	,"对中国出口"	,"120055782"	,"2018-12-31"	,"44.4"	,
"巴勒斯坦"	,"对中国出口"	,"120055782"	,"2019-12-31"	,"13.9926"	,
"巴勒斯坦"	,"对中国出口"	,"120055782"	,"2020-12-31"	,"0.8637"	,
"巴勒斯坦"	,"对中国出口"	,"120055782"	,"2021-12-31"	,"34"	,
"巴勒斯坦"	,"对中国出口"	,"120055782"	,"2022-12-31"	,"2"	,
"巴勒斯坦"	,"对中国出口"	,"120055782"	,"2023-12-31"	,"5.0903"	,
"巴勒斯坦"	,"对中国出口"	,"120055782"	,"2024-12-31"	,"5.0753"	,
"巴勒斯坦"	,"从中国进口"	,"120056009"	,"2016-12-31"	,"5930.9"	,
"巴勒斯坦"	,"从中国进口"	,"120056009"	,"2017-12-31"	,"6905.8"	,
"巴勒斯坦"	,"从中国进口"	,"120056009"	,"2018-12-31"	,"7336.1"	,
"巴勒斯坦"	,"从中国进口"	,"120056009"	,"2019-12-31"	,"8214.4356"	,
"巴勒斯坦"	,"从中国进口"	,"120056009"	,"2020-12-31"	,"10045.5872"	,
"巴勒斯坦"	,"从中国进口"	,"120056009"	,"2021-12-31"	,"12801"	,
"巴勒斯坦"	,"从中国进口"	,"120056009"	,"2022-12-31"	,"15585"	,
"巴勒斯坦"	,"从中国进口"	,"120056009"	,"2023-12-31"	,"16492.176"	,
"巴勒斯坦"	,"从中国进口"	,"120056009"	,"2024-12-31"	,"15456.4851"	,
"巴林"	,"对中国出口"	,"120055808"	,"2016-12-31"	,"6372.3"	,
"巴林"	,"对中国出口"	,"120055808"	,"2017-12-31"	,"12394.6"	,
"巴林"	,"对中国出口"	,"120055808"	,"2018-12-31"	,"15012.5"	,
"巴林"	,"对中国出口"	,"120055808"	,"2019-12-31"	,"19533.0151"	,
"巴林"	,"对中国出口"	,"120055808"	,"2020-12-31"	,"14630.902"	,
"巴林"	,"对中国出口"	,"120055808"	,"2021-12-31"	,"39969"	,
"巴林"	,"对中国出口"	,"120055808"	,"2022-12-31"	,"25125"	,
"巴林"	,"对中国出口"	,"120055808"	,"2023-12-31"	,"19149"	,
"巴林"	,"对中国出口"	,"120055808"	,"2024-12-31"	,"12687.9812"	,
"巴林"	,"从中国进口"	,"120056035"	,"2016-12-31"	,"79079.8"	,
"巴林"	,"从中国进口"	,"120056035"	,"2017-12-31"	,"90251.9"	,
"巴林"	,"从中国进口"	,"120056035"	,"2018-12-31"	,"113552.2"	,
"巴林"	,"从中国进口"	,"120056035"	,"2019-12-31"	,"148414.6634"	,
"巴林"	,"从中国进口"	,"120056035"	,"2020-12-31"	,"112025.6313"	,
"巴林"	,"从中国进口"	,"120056035"	,"2021-12-31"	,"138083"	,
"巴林"	,"从中国进口"	,"120056035"	,"2022-12-31"	,"175220"	,
"巴林"	,"从中国进口"	,"120056035"	,"2023-12-31"	,"154630"	,
"巴林"	,"从中国进口"	,"120056035"	,"2024-12-31"	,"134855.1667"	,
"东帝汶"	,"从中国进口"	,"120136284"	,"2016-12-31"	,"16431.6"	,
"东帝汶"	,"从中国进口"	,"120136284"	,"2017-12-31"	,"13259.7"	,
"东帝汶"	,"从中国进口"	,"120136284"	,"2018-12-31"	,"13239"	,
"东帝汶"	,"从中国进口"	,"120136284"	,"2019-12-31"	,"14294.8758"	,
"东帝汶"	,"从中国进口"	,"120136284"	,"2020-12-31"	,"19127.526"	,
"东帝汶"	,"从中国进口"	,"120136284"	,"2021-12-31"	,"26043"	,
"东帝汶"	,"从中国进口"	,"120136284"	,"2022-12-31"	,"27998"	,
"东帝汶"	,"从中国进口"	,"120136284"	,"2023-12-31"	,"26177"	,
"东帝汶"	,"从中国进口"	,"120136284"	,"2024-12-31"	,"26555.4492"	,
"东帝汶"	,"对中国出口"	,"120176373"	,"2016-12-31"	,"29.2"	,
"东帝汶"	,"对中国出口"	,"120176373"	,"2017-12-31"	,"157.3"	,
"东帝汶"	,"对中国出口"	,"120176373"	,"2018-12-31"	,"301.4"	,
"东帝汶"	,"对中国出口"	,"120176373"	,"2019-12-31"	,"2456.4329"	,
"东帝汶"	,"对中国出口"	,"120176373"	,"2020-12-31"	,"121.0615"	,
"东帝汶"	,"对中国出口"	,"120176373"	,"2021-12-31"	,"11315"	,
"东帝汶"	,"对中国出口"	,"120176373"	,"2022-12-31"	,"14536"	,
"东帝汶"	,"对中国出口"	,"120176373"	,"2023-12-31"	,"7469"	,
"东帝汶"	,"对中国出口"	,"120176373"	,"2024-12-31"	,"88.1255"	,
"菲律宾"	,"对中国出口"	,"120055781"	,"2016-12-31"	,"1739589.1"	,
"菲律宾"	,"对中国出口"	,"120055781"	,"2017-12-31"	,"1923917.7"	,
"菲律宾"	,"对中国出口"	,"120055781"	,"2018-12-31"	,"2061160"	,
"菲律宾"	,"对中国出口"	,"120055781"	,"2019-12-31"	,"2019939.3176"	,
"菲律宾"	,"对中国出口"	,"120055781"	,"2020-12-31"	,"1933547.0519"	,
"菲律宾"	,"对中国出口"	,"120055781"	,"2021-12-31"	,"2476131"	,
"菲律宾"	,"对中国出口"	,"120055781"	,"2022-12-31"	,"2301822"	,
"菲律宾"	,"对中国出口"	,"120055781"	,"2023-12-31"	,"1947728"	,
"菲律宾"	,"对中国出口"	,"120055781"	,"2024-12-31"	,"1932380.8086"	,
"菲律宾"	,"从中国进口"	,"120056008"	,"2016-12-31"	,"2984266.6"	,
"菲律宾"	,"从中国进口"	,"120056008"	,"2017-12-31"	,"3206593.2"	,
"菲律宾"	,"从中国进口"	,"120056008"	,"2018-12-31"	,"3503664.2"	,
"菲律宾"	,"从中国进口"	,"120056008"	,"2019-12-31"	,"4076385.1931"	,
"菲律宾"	,"从中国进口"	,"120056008"	,"2020-12-31"	,"4188170.9679"	,
"菲律宾"	,"从中国进口"	,"120056008"	,"2021-12-31"	,"5728534"	,
"菲律宾"	,"从中国进口"	,"120056008"	,"2022-12-31"	,"6347102"	,
"菲律宾"	,"从中国进口"	,"120056008"	,"2023-12-31"	,"5239638"	,
"菲律宾"	,"从中国进口"	,"120056008"	,"2024-12-31"	,"5227701.6294"	,
"蒙古"	,"对中国出口"	,"120055786"	,"2016-12-31"	,"362260.1"	,
"蒙古"	,"对中国出口"	,"120055786"	,"2017-12-31"	,"516731.3"	,
"蒙古"	,"对中国出口"	,"120055786"	,"2018-12-31"	,"634411.2"	,
"蒙古"	,"对中国出口"	,"120055786"	,"2019-12-31"	,"633435.7304"	,
"蒙古"	,"对中国出口"	,"120055786"	,"2020-12-31"	,"512456.2278"	,
"蒙古"	,"对中国出口"	,"120055786"	,"2021-12-31"	,"689896"	,
"蒙古"	,"对中国出口"	,"120055786"	,"2022-12-31"	,"933218"	,
"蒙古"	,"对中国出口"	,"120055786"	,"2023-12-31"	,"1312393"	,
"蒙古"	,"对中国出口"	,"120055786"	,"2024-12-31"	,"1373878.669"	,
"蒙古"	,"从中国进口"	,"120056013"	,"2016-12-31"	,"98863.7"	,
"蒙古"	,"从中国进口"	,"120056013"	,"2017-12-31"	,"123561.2"	,
"蒙古"	,"从中国进口"	,"120056013"	,"2018-12-31"	,"164488.9"	,
"蒙古"	,"从中国进口"	,"120056013"	,"2019-12-31"	,"182658.9978"	,
"蒙古"	,"从中国进口"	,"120056013"	,"2020-12-31"	,"161807.2894"	,
"蒙古"	,"从中国进口"	,"120056013"	,"2021-12-31"	,"223306"	,
"蒙古"	,"从中国进口"	,"120056013"	,"2022-12-31"	,"286622"	,
"蒙古"	,"从中国进口"	,"120056013"	,"2023-12-31"	,"346989"	,
"蒙古"	,"从中国进口"	,"120056013"	,"2024-12-31"	,"452483.5039"	,
"格鲁吉亚"	,"对中国出口"	,"120055689"	,"2016-12-31"	,"5356.4"	,
"格鲁吉亚"	,"对中国出口"	,"120055689"	,"2017-12-31"	,"6759.1"	,
"格鲁吉亚"	,"对中国出口"	,"120055689"	,"2018-12-31"	,"5388.7"	,
"格鲁吉亚"	,"对中国出口"	,"120055689"	,"2019-12-31"	,"8104.5263"	,
"格鲁吉亚"	,"对中国出口"	,"120055689"	,"2020-12-31"	,"10086.5861"	,
"格鲁吉亚"	,"对中国出口"	,"120055689"	,"2021-12-31"	,"17977"	,
"格鲁吉亚"	,"对中国出口"	,"120055689"	,"2022-12-31"	,"14890"	,
"格鲁吉亚"	,"对中国出口"	,"120055689"	,"2023-12-31"	,"11412"	,
"格鲁吉亚"	,"对中国出口"	,"120055689"	,"2024-12-31"	,"27594.9337"	,
"格鲁吉亚"	,"从中国进口"	,"120055899"	,"2016-12-31"	,"74543.7"	,
"格鲁吉亚"	,"从中国进口"	,"120055899"	,"2017-12-31"	,"91261.9"	,
"格鲁吉亚"	,"从中国进口"	,"120055899"	,"2018-12-31"	,"109554"	,
"格鲁吉亚"	,"从中国进口"	,"120055899"	,"2019-12-31"	,"140174.8362"	,
"格鲁吉亚"	,"从中国进口"	,"120055899"	,"2020-12-31"	,"127568.9684"	,
"格鲁吉亚"	,"从中国进口"	,"120055899"	,"2021-12-31"	,"102887"	,
"格鲁吉亚"	,"从中国进口"	,"120055899"	,"2022-12-31"	,"123904"	,
"格鲁吉亚"	,"从中国进口"	,"120055899"	,"2023-12-31"	,"193373"	,
"格鲁吉亚"	,"从中国进口"	,"120055899"	,"2024-12-31"	,"198030.4465"	,
"哈萨克斯坦"	,"对中国出口"	,"120055768"	,"2016-12-31"	,"480507.9"	,
"哈萨克斯坦"	,"对中国出口"	,"120055768"	,"2017-12-31"	,"637869.1"	,
"哈萨克斯坦"	,"对中国出口"	,"120055768"	,"2018-12-31"	,"852660.9"	,
"哈萨克斯坦"	,"对中国出口"	,"120055768"	,"2019-12-31"	,"927366.9859"	,
"哈萨克斯坦"	,"对中国出口"	,"120055768"	,"2020-12-31"	,"980510.065"	,
"哈萨克斯坦"	,"对中国出口"	,"120055768"	,"2021-12-31"	,"1129056"	,
"哈萨克斯坦"	,"对中国出口"	,"120055768"	,"2022-12-31"	,"1484088"	,
"哈萨克斯坦"	,"对中国出口"	,"120055768"	,"2023-12-31"	,"1634720"	,
"哈萨克斯坦"	,"对中国出口"	,"120055768"	,"2024-12-31"	,"1585557.6571"	,
"哈萨克斯坦"	,"从中国进口"	,"120055995"	,"2016-12-31"	,"829258.9"	,
"哈萨克斯坦"	,"从中国进口"	,"120055995"	,"2017-12-31"	,"1156444.3"	,
"哈萨克斯坦"	,"从中国进口"	,"120055995"	,"2018-12-31"	,"1135152.8"	,
"哈萨克斯坦"	,"从中国进口"	,"120055995"	,"2019-12-31"	,"1272910.0679"	,
"哈萨克斯坦"	,"从中国进口"	,"120055995"	,"2020-12-31"	,"1170313.413"	,
"哈萨克斯坦"	,"从中国进口"	,"120055995"	,"2021-12-31"	,"1395926"	,
"哈萨克斯坦"	,"从中国进口"	,"120055995"	,"2022-12-31"	,"1624940"	,
"哈萨克斯坦"	,"从中国进口"	,"120055995"	,"2023-12-31"	,"2469589"	,
"哈萨克斯坦"	,"从中国进口"	,"120055995"	,"2024-12-31"	,"2796408.0463"	,
"韩国"	,"对中国出口"	,"120055777"	,"2016-12-31"	,"15897453.1"	,
"韩国"	,"对中国出口"	,"120055777"	,"2017-12-31"	,"17755315.4"	,
"韩国"	,"对中国出口"	,"120055777"	,"2018-12-31"	,"20464340.1"	,
"韩国"	,"对中国出口"	,"120055777"	,"2019-12-31"	,"17355902.5773"	,
"韩国"	,"对中国出口"	,"120055777"	,"2020-12-31"	,"17310391.1776"	,
"韩国"	,"对中国出口"	,"120055777"	,"2021-12-31"	,"21344326"	,
"韩国"	,"对中国出口"	,"120055777"	,"2022-12-31"	,"19901610"	,
"韩国"	,"对中国出口"	,"120055777"	,"2023-12-31"	,"16171494"	,
"韩国"	,"从中国进口"	,"120056004"	,"2016-12-31"	,"9372895.4"	,
"韩国"	,"从中国进口"	,"120056004"	,"2017-12-31"	,"10270377.7"	,
"韩国"	,"从中国进口"	,"120056004"	,"2018-12-31"	,"10875614.4"	,
"韩国"	,"从中国进口"	,"120056004"	,"2019-12-31"	,"11097441.0436"	,
"韩国"	,"从中国进口"	,"120056004"	,"2020-12-31"	,"11247683.0122"	,
"韩国"	,"从中国进口"	,"120056004"	,"2021-12-31"	,"14880548"	,
"韩国"	,"从中国进口"	,"120056004"	,"2022-12-31"	,"16097500"	,
"韩国"	,"从中国进口"	,"120056004"	,"2023-12-31"	,"14897594"	,
"韩国"	,"从中国进口"	,"120056004"	,"2024-12-31"	,"14636563.7318"	,
"吉尔吉斯斯坦"	,"对中国出口"	,"120055767"	,"2016-12-31"	,"7123.5"	,
"吉尔吉斯斯坦"	,"对中国出口"	,"120055767"	,"2017-12-31"	,"8705.5"	,
"吉尔吉斯斯坦"	,"对中国出口"	,"120055767"	,"2018-12-31"	,"5432.7"	,
"吉尔吉斯斯坦"	,"对中国出口"	,"120055767"	,"2019-12-31"	,"6604.1403"	,
"吉尔吉斯斯坦"	,"对中国出口"	,"120055767"	,"2020-12-31"	,"3480.1089"	,
"吉尔吉斯斯坦"	,"对中国出口"	,"120055767"	,"2021-12-31"	,"7974"	,
"吉尔吉斯斯坦"	,"对中国出口"	,"120055767"	,"2022-12-31"	,"8166"	,
"吉尔吉斯斯坦"	,"对中国出口"	,"120055767"	,"2023-12-31"	,"8321"	,
"吉尔吉斯斯坦"	,"对中国出口"	,"120055767"	,"2024-12-31"	,"280437.1895"	,
"吉尔吉斯斯坦"	,"从中国进口"	,"120055994"	,"2016-12-31"	,"560545.5"	,
"吉尔吉斯斯坦"	,"从中国进口"	,"120055994"	,"2017-12-31"	,"533680.8"	,
"吉尔吉斯斯坦"	,"从中国进口"	,"120055994"	,"2018-12-31"	,"555679.3"	,
"吉尔吉斯斯坦"	,"从中国进口"	,"120055994"	,"2019-12-31"	,"628051.9944"	,
"吉尔吉斯斯坦"	,"从中国进口"	,"120055994"	,"2020-12-31"	,"286536.5575"	,
"吉尔吉斯斯坦"	,"从中国进口"	,"120055994"	,"2021-12-31"	,"747400"	,
"吉尔吉斯斯坦"	,"从中国进口"	,"120055994"	,"2022-12-31"	,"1534202"	,
"吉尔吉斯斯坦"	,"从中国进口"	,"120055994"	,"2023-12-31"	,"1972041"	,
"吉尔吉斯斯坦"	,"从中国进口"	,"120055994"	,"2024-12-31"	,"1990621.016"	,
"柬埔寨"	,"对中国出口"	,"120055803"	,"2016-12-31"	,"83051.3"	,
"柬埔寨"	,"对中国出口"	,"120055803"	,"2017-12-31"	,"100758.2"	,
"柬埔寨"	,"对中国出口"	,"120055803"	,"2018-12-31"	,"137665.5"	,
"柬埔寨"	,"对中国出口"	,"120055803"	,"2019-12-31"	,"144432.3229"	,
"柬埔寨"	,"对中国出口"	,"120055803"	,"2020-12-31"	,"149748.6585"	,
"柬埔寨"	,"对中国出口"	,"120055803"	,"2021-12-31"	,"210043"	,
"柬埔寨"	,"对中国出口"	,"120055803"	,"2022-12-31"	,"183820"	,
"柬埔寨"	,"对中国出口"	,"120055803"	,"2023-12-31"	,"207030"	,
"柬埔寨"	,"对中国出口"	,"120055803"	,"2024-12-31"	,"249821.4503"	,
"柬埔寨"	,"从中国进口"	,"120056030"	,"2016-12-31"	,"393015.5"	,
"柬埔寨"	,"从中国进口"	,"120056030"	,"2017-12-31"	,"478319.8"	,
"柬埔寨"	,"从中国进口"	,"120056030"	,"2018-12-31"	,"600752.3"	,
"柬埔寨"	,"从中国进口"	,"120056030"	,"2019-12-31"	,"798153.0879"	,
"柬埔寨"	,"从中国进口"	,"120056030"	,"2020-12-31"	,"805448.9807"	,
"柬埔寨"	,"从中国进口"	,"120056030"	,"2021-12-31"	,"1156509"	,
"柬埔寨"	,"从中国进口"	,"120056030"	,"2022-12-31"	,"1393798"	,
"柬埔寨"	,"从中国进口"	,"120056030"	,"2023-12-31"	,"1275200"	,
"柬埔寨"	,"从中国进口"	,"120056030"	,"2024-12-31"	,"1533615.8788"	,
"卡塔尔"	,"对中国出口"	,"120055780"	,"2016-12-31"	,"401237.4"	,
"卡塔尔"	,"对中国出口"	,"120055780"	,"2017-12-31"	,"640027.4"	,
"卡塔尔"	,"对中国出口"	,"120055780"	,"2018-12-31"	,"914639"	,
"卡塔尔"	,"对中国出口"	,"120055780"	,"2019-12-31"	,"871310.7686"	,
"卡塔尔"	,"对中国出口"	,"120055780"	,"2020-12-31"	,"830509.6427"	,
"卡塔尔"	,"对中国出口"	,"120055780"	,"2021-12-31"	,"1321100"	,
"卡塔尔"	,"对中国出口"	,"120055780"	,"2022-12-31"	,"2258574"	,
"卡塔尔"	,"对中国出口"	,"120055780"	,"2023-12-31"	,"2092833"	,
"卡塔尔"	,"对中国出口"	,"120055780"	,"2024-12-31"	,"2004610.8669"	,
"卡塔尔"	,"从中国进口"	,"120056007"	,"2016-12-31"	,"151636.5"	,
"卡塔尔"	,"从中国进口"	,"120056007"	,"2017-12-31"	,"168233"	,
"卡塔尔"	,"从中国进口"	,"120056007"	,"2018-12-31"	,"248241.4"	,
"卡塔尔"	,"从中国进口"	,"120056007"	,"2019-12-31"	,"240967.8189"	,
"卡塔尔"	,"从中国进口"	,"120056007"	,"2020-12-31"	,"263116.5843"	,
"卡塔尔"	,"从中国进口"	,"120056007"	,"2021-12-31"	,"396068"	,
"卡塔尔"	,"从中国进口"	,"120056007"	,"2022-12-31"	,"393414"	,
"卡塔尔"	,"从中国进口"	,"120056007"	,"2023-12-31"	,"363599"	,
"卡塔尔"	,"从中国进口"	,"120056007"	,"2024-12-31"	,"417358.6697"	,
"科威特"	,"对中国出口"	,"120055792"	,"2016-12-31"	,"637028.4"	,
"科威特"	,"对中国出口"	,"120055792"	,"2017-12-31"	,"893495"	,
"科威特"	,"对中国出口"	,"120055792"	,"2018-12-31"	,"1534386.6"	,
"科威特"	,"对中国出口"	,"120055792"	,"2019-12-31"	,"1344747.4953"	,
"科威特"	,"对中国出口"	,"120055792"	,"2020-12-31"	,"1073510.1636"	,
"科威特"	,"对中国出口"	,"120055792"	,"2021-12-31"	,"1775554"	,
"科威特"	,"对中国出口"	,"120055792"	,"2022-12-31"	,"2649899"	,
"科威特"	,"对中国出口"	,"120055792"	,"2023-12-31"	,"1716455"	,
"科威特"	,"对中国出口"	,"120055792"	,"2024-12-31"	,"1146545.2291"	,
"科威特"	,"从中国进口"	,"120056019"	,"2016-12-31"	,"300178.5"	,
"科威特"	,"从中国进口"	,"120056019"	,"2017-12-31"	,"311277.4"	,
"科威特"	,"从中国进口"	,"120056019"	,"2018-12-31"	,"331264.8"	,
"科威特"	,"从中国进口"	,"120056019"	,"2019-12-31"	,"383631.9571"	,
"科威特"	,"从中国进口"	,"120056019"	,"2020-12-31"	,"354783.0947"	,
"科威特"	,"从中国进口"	,"120056019"	,"2021-12-31"	,"436847"	,
"科威特"	,"从中国进口"	,"120056019"	,"2022-12-31"	,"491129"	,
"科威特"	,"从中国进口"	,"120056019"	,"2023-12-31"	,"522423"	,
"科威特"	,"从中国进口"	,"120056019"	,"2024-12-31"	,"482867.4264"	,
"老挝"	,"对中国出口"	,"120055791"	,"2016-12-31"	,"135960.8"	,
"老挝"	,"对中国出口"	,"120055791"	,"2017-12-31"	,"160499.7"	,
"老挝"	,"对中国出口"	,"120055791"	,"2018-12-31"	,"201815.3"	,
"老挝"	,"对中国出口"	,"120055791"	,"2019-12-31"	,"215700.039"	,
"老挝"	,"对中国出口"	,"120055791"	,"2020-12-31"	,"208828.934"	,
"老挝"	,"对中国出口"	,"120055791"	,"2021-12-31"	,"267570"	,
"老挝"	,"对中国出口"	,"120055791"	,"2022-12-31"	,"335127"	,
"老挝"	,"对中国出口"	,"120055791"	,"2023-12-31"	,"375394"	,
"老挝"	,"对中国出口"	,"120055791"	,"2024-12-31"	,"455562.6337"	,
"老挝"	,"从中国进口"	,"120056018"	,"2016-12-31"	,"98709.8"	,
"老挝"	,"从中国进口"	,"120056018"	,"2017-12-31"	,"141935.1"	,
"老挝"	,"从中国进口"	,"120056018"	,"2018-12-31"	,"145399.5"	,
"老挝"	,"从中国进口"	,"120056018"	,"2019-12-31"	,"176245.3821"	,
"老挝"	,"从中国进口"	,"120056018"	,"2020-12-31"	,"149127.7597"	,
"老挝"	,"从中国进口"	,"120056018"	,"2021-12-31"	,"166677"	,
"老挝"	,"从中国进口"	,"120056018"	,"2022-12-31"	,"226671"	,
"老挝"	,"从中国进口"	,"120056018"	,"2023-12-31"	,"334830"	,
"老挝"	,"从中国进口"	,"120056018"	,"2024-12-31"	,"367577.7082"	,
"黎巴嫩"	,"对中国出口"	,"120055790"	,"2016-12-31"	,"1767.3"	,
"黎巴嫩"	,"对中国出口"	,"120055790"	,"2017-12-31"	,"2304"	,
"黎巴嫩"	,"对中国出口"	,"120055790"	,"2018-12-31"	,"4898.4"	,
"黎巴嫩"	,"对中国出口"	,"120055790"	,"2019-12-31"	,"2600.7161"	,
"黎巴嫩"	,"对中国出口"	,"120055790"	,"2020-12-31"	,"3179.8465"	,
"黎巴嫩"	,"对中国出口"	,"120055790"	,"2021-12-31"	,"4793"	,
"黎巴嫩"	,"对中国出口"	,"120055790"	,"2022-12-31"	,"6404"	,
"黎巴嫩"	,"对中国出口"	,"120055790"	,"2023-12-31"	,"6415"	,
"黎巴嫩"	,"对中国出口"	,"120055790"	,"2024-12-31"	,"9266.4635"	,
"黎巴嫩"	,"从中国进口"	,"120056017"	,"2016-12-31"	,"210071.4"	,
"黎巴嫩"	,"从中国进口"	,"120056017"	,"2017-12-31"	,"201061.1"	,
"黎巴嫩"	,"从中国进口"	,"120056017"	,"2018-12-31"	,"196928.4"	,
"黎巴嫩"	,"从中国进口"	,"120056017"	,"2019-12-31"	,"167959.9486"	,
"黎巴嫩"	,"从中国进口"	,"120056017"	,"2020-12-31"	,"94562.4534"	,
"黎巴嫩"	,"从中国进口"	,"120056017"	,"2021-12-31"	,"150869"	,
"黎巴嫩"	,"从中国进口"	,"120056017"	,"2022-12-31"	,"246163"	,
"黎巴嫩"	,"从中国进口"	,"120056017"	,"2023-12-31"	,"237131"	,
"黎巴嫩"	,"从中国进口"	,"120056017"	,"2024-12-31"	,"211142.6396"	,
"马尔代夫"	,"对中国出口"	,"120055787"	,"2016-12-31"	,"23.8"	,
"马尔代夫"	,"对中国出口"	,"120055787"	,"2017-12-31"	,"62.1"	,
"马尔代夫"	,"对中国出口"	,"120055787"	,"2018-12-31"	,"103.3"	,
"马尔代夫"	,"对中国出口"	,"120055787"	,"2019-12-31"	,"3371.8734"	,
"马尔代夫"	,"对中国出口"	,"120055787"	,"2020-12-31"	,"577.109"	,
"马尔代夫"	,"对中国出口"	,"120055787"	,"2021-12-31"	,"436"	,
"马尔代夫"	,"对中国出口"	,"120055787"	,"2022-12-31"	,"6"	,
"马尔代夫"	,"对中国出口"	,"120055787"	,"2023-12-31"	,"3.4543"	,
"马尔代夫"	,"对中国出口"	,"120055787"	,"2024-12-31"	,"3.0434"	,
"马尔代夫"	,"从中国进口"	,"120056014"	,"2016-12-31"	,"32094"	,
"马尔代夫"	,"从中国进口"	,"120056014"	,"2017-12-31"	,"29562.6"	,
"马尔代夫"	,"从中国进口"	,"120056014"	,"2018-12-31"	,"39617.3"	,
"马尔代夫"	,"从中国进口"	,"120056014"	,"2019-12-31"	,"34798.5885"	,
"马尔代夫"	,"从中国进口"	,"120056014"	,"2020-12-31"	,"27569.9683"	,
"马尔代夫"	,"从中国进口"	,"120056014"	,"2021-12-31"	,"40689"	,
"马尔代夫"	,"从中国进口"	,"120056014"	,"2022-12-31"	,"44069"	,
"马尔代夫"	,"从中国进口"	,"120056014"	,"2023-12-31"	,"75709"	,
"马尔代夫"	,"从中国进口"	,"120056014"	,"2024-12-31"	,"61963.2659"	,
"马来西亚"	,"对中国出口"	,"120055788"	,"2016-12-31"	,"4926963.7"	,
"马来西亚"	,"对中国出口"	,"120055788"	,"2017-12-31"	,"5442613.9"	,
"马来西亚"	,"对中国出口"	,"120055788"	,"2018-12-31"	,"6320504.6"	,
"马来西亚"	,"对中国出口"	,"120055788"	,"2019-12-31"	,"7190997.5137"	,
"马来西亚"	,"对中国出口"	,"120055788"	,"2020-12-31"	,"7517442.1604"	,
"马来西亚"	,"对中国出口"	,"120055788"	,"2021-12-31"	,"9830508"	,
"马来西亚"	,"对中国出口"	,"120055788"	,"2022-12-31"	,"10983860"	,
"马来西亚"	,"对中国出口"	,"120055788"	,"2023-12-31"	,"10292983"	,
"马来西亚"	,"对中国出口"	,"120055788"	,"2024-12-31"	,"11056844.5069"	,
"马来西亚"	,"从中国进口"	,"120056015"	,"2016-12-31"	,"3767177.5"	,
"马来西亚"	,"从中国进口"	,"120056015"	,"2017-12-31"	,"4171227.7"	,
"马来西亚"	,"从中国进口"	,"120056015"	,"2018-12-31"	,"4537598.7"	,
"马来西亚"	,"从中国进口"	,"120056015"	,"2019-12-31"	,"5214178.1876"	,
"马来西亚"	,"从中国进口"	,"120056015"	,"2020-12-31"	,"5630131.4831"	,
"马来西亚"	,"从中国进口"	,"120056015"	,"2021-12-31"	,"7865488"	,
"马来西亚"	,"从中国进口"	,"120056015"	,"2022-12-31"	,"9171921"	,
"马来西亚"	,"从中国进口"	,"120056015"	,"2023-12-31"	,"8736913"	,
"马来西亚"	,"从中国进口"	,"120056015"	,"2024-12-31"	,"10146331.8941"	,
"孟加拉国"	,"对中国出口"	,"120055807"	,"2016-12-31"	,"86939.8"	,
"孟加拉国"	,"对中国出口"	,"120055807"	,"2017-12-31"	,"87514.5"	,
"孟加拉国"	,"对中国出口"	,"120055807"	,"2018-12-31"	,"98442.3"	,
"孟加拉国"	,"对中国出口"	,"120055807"	,"2019-12-31"	,"103653.3766"	,
"孟加拉国"	,"对中国出口"	,"120055807"	,"2020-12-31"	,"79975.463"	,
"孟加拉国"	,"对中国出口"	,"120055807"	,"2021-12-31"	,"104693"	,
"孟加拉国"	,"对中国出口"	,"120055807"	,"2022-12-31"	,"98173"	,
"孟加拉国"	,"对中国出口"	,"120055807"	,"2023-12-31"	,"102597.7332"	,
"孟加拉国"	,"对中国出口"	,"120055807"	,"2024-12-31"	,"116658.5962"	,
"孟加拉国"	,"从中国进口"	,"120056034"	,"2016-12-31"	,"1430222.8"	,
"孟加拉国"	,"从中国进口"	,"120056034"	,"2017-12-31"	,"1516902.1"	,
"孟加拉国"	,"从中国进口"	,"120056034"	,"2018-12-31"	,"1775305.9"	,
"孟加拉国"	,"从中国进口"	,"120056034"	,"2019-12-31"	,"1732328.6473"	,
"孟加拉国"	,"从中国进口"	,"120056034"	,"2020-12-31"	,"1507569.6909"	,
"孟加拉国"	,"从中国进口"	,"120056034"	,"2021-12-31"	,"2409441"	,
"孟加拉国"	,"从中国进口"	,"120056034"	,"2022-12-31"	,"2661646"	,
"孟加拉国"	,"从中国进口"	,"120056034"	,"2023-12-31"	,"2295248"	,
"孟加拉国"	,"从中国进口"	,"120056034"	,"2024-12-31"	,"2288402.9843"	,
"缅甸"	,"对中国出口"	,"120055804"	,"2016-12-31"	,"409770.9"	,
"缅甸"	,"对中国出口"	,"120055804"	,"2017-12-31"	,"452634.8"	,
"缅甸"	,"对中国出口"	,"120055804"	,"2018-12-31"	,"468433.8"	,
"缅甸"	,"对中国出口"	,"120055804"	,"2019-12-31"	,"638805.9154"	,
"缅甸"	,"对中国出口"	,"120055804"	,"2020-12-31"	,"634679.808"	,
"缅甸"	,"对中国出口"	,"120055804"	,"2021-12-31"	,"812208"	,
"缅甸"	,"对中国出口"	,"120055804"	,"2022-12-31"	,"1149475"	,
"缅甸"	,"对中国出口"	,"120055804"	,"2023-12-31"	,"956183"	,
"缅甸"	,"对中国出口"	,"120055804"	,"2024-12-31"	,"706799.3443"	,
"缅甸"	,"从中国进口"	,"120056031"	,"2016-12-31"	,"818868.1"	,
"缅甸"	,"从中国进口"	,"120056031"	,"2017-12-31"	,"894846.4"	,
"缅甸"	,"从中国进口"	,"120056031"	,"2018-12-31"	,"1054777.1"	,
"缅甸"	,"从中国进口"	,"120056031"	,"2019-12-31"	,"1231099.2449"	,
"缅甸"	,"从中国进口"	,"120056031"	,"2020-12-31"	,"1254752.2172"	,
"缅甸"	,"从中国进口"	,"120056031"	,"2021-12-31"	,"1052395"	,
"缅甸"	,"从中国进口"	,"120056031"	,"2022-12-31"	,"1328764"	,
"缅甸"	,"从中国进口"	,"120056031"	,"2023-12-31"	,"1139822"	,
"缅甸"	,"从中国进口"	,"120056031"	,"2024-12-31"	,"921704.5314"	,
"尼泊尔"	,"对中国出口"	,"120055785"	,"2016-12-31"	,"2240.6"	,
"尼泊尔"	,"对中国出口"	,"120055785"	,"2017-12-31"	,"1785.4"	,
"尼泊尔"	,"对中国出口"	,"120055785"	,"2018-12-31"	,"2200"	,
"尼泊尔"	,"对中国出口"	,"120055785"	,"2019-12-31"	,"3353.8072"	,
"尼泊尔"	,"对中国出口"	,"120055785"	,"2020-12-31"	,"1626.1278"	,
"尼泊尔"	,"对中国出口"	,"120055785"	,"2021-12-31"	,"2651"	,
"尼泊尔"	,"对中国出口"	,"120055785"	,"2022-12-31"	,"2181"	,
"尼泊尔"	,"对中国出口"	,"120055785"	,"2023-12-31"	,"3483"	,
"尼泊尔"	,"对中国出口"	,"120055785"	,"2024-12-31"	,"3710.6186"	,
"尼泊尔"	,"从中国进口"	,"120056012"	,"2016-12-31"	,"86626.9"	,
"尼泊尔"	,"从中国进口"	,"120056012"	,"2017-12-31"	,"96695.5"	,
"尼泊尔"	,"从中国进口"	,"120056012"	,"2018-12-31"	,"107736.8"	,
"尼泊尔"	,"从中国进口"	,"120056012"	,"2019-12-31"	,"148247.7643"	,
"尼泊尔"	,"从中国进口"	,"120056012"	,"2020-12-31"	,"116747.7765"	,
"尼泊尔"	,"从中国进口"	,"120056012"	,"2021-12-31"	,"194992"	,
"尼泊尔"	,"从中国进口"	,"120056012"	,"2022-12-31"	,"163855"	,
"尼泊尔"	,"从中国进口"	,"120056012"	,"2023-12-31"	,"176473"	,
"尼泊尔"	,"从中国进口"	,"120056012"	,"2024-12-31"	,"216041.3525"	,
"沙特阿拉伯"	,"对中国出口"	,"120055779"	,"2016-12-31"	,"2362601.9"	,
"沙特阿拉伯"	,"对中国出口"	,"120055779"	,"2017-12-31"	,"3176187.3"	,
"沙特阿拉伯"	,"对中国出口"	,"120055779"	,"2018-12-31"	,"4585438"	,
"沙特阿拉伯"	,"对中国出口"	,"120055779"	,"2019-12-31"	,"5419593.6612"	,
"沙特阿拉伯"	,"对中国出口"	,"120055779"	,"2020-12-31"	,"3906985.7145"	,
"沙特阿拉伯"	,"对中国出口"	,"120055779"	,"2021-12-31"	,"5696861"	,
"沙特阿拉伯"	,"对中国出口"	,"120055779"	,"2022-12-31"	,"7805625"	,
"沙特阿拉伯"	,"对中国出口"	,"120055779"	,"2023-12-31"	,"6436346"	,
"沙特阿拉伯"	,"对中国出口"	,"120055779"	,"2024-12-31"	,"5748415.8929"	,
"沙特阿拉伯"	,"从中国进口"	,"120056006"	,"2016-12-31"	,"1865528.1"	,
"沙特阿拉伯"	,"从中国进口"	,"120056006"	,"2017-12-31"	,"1837500.8"	,
"沙特阿拉伯"	,"从中国进口"	,"120056006"	,"2018-12-31"	,"1742803.6"	,
"沙特阿拉伯"	,"从中国进口"	,"120056006"	,"2019-12-31"	,"2387650.5592"	,
"沙特阿拉伯"	,"从中国进口"	,"120056006"	,"2020-12-31"	,"2809529.4391"	,
"沙特阿拉伯"	,"从中国进口"	,"120056006"	,"2021-12-31"	,"3032124"	,
"沙特阿拉伯"	,"从中国进口"	,"120056006"	,"2022-12-31"	,"3772055"	,
"沙特阿拉伯"	,"从中国进口"	,"120056006"	,"2023-12-31"	,"4285171"	,
"沙特阿拉伯"	,"从中国进口"	,"120056006"	,"2024-12-31"	,"5004999.4505"	,
"斯里兰卡"	,"对中国出口"	,"120055776"	,"2016-12-31"	,"27344.4"	,
"斯里兰卡"	,"对中国出口"	,"120055776"	,"2017-12-31"	,"31003"	,
"斯里兰卡"	,"对中国出口"	,"120055776"	,"2018-12-31"	,"32174.5"	,
"斯里兰卡"	,"对中国出口"	,"120055776"	,"2019-12-31"	,"39700.8323"	,
"斯里兰卡"	,"对中国出口"	,"120055776"	,"2020-12-31"	,"31776.3285"	,
"斯里兰卡"	,"对中国出口"	,"120055776"	,"2021-12-31"	,"65045"	,
"斯里兰卡"	,"对中国出口"	,"120055776"	,"2022-12-31"	,"49493"	,
"斯里兰卡"	,"对中国出口"	,"120055776"	,"2023-12-31"	,"35612"	,
"斯里兰卡"	,"对中国出口"	,"120055776"	,"2024-12-31"	,"39181.761"	,
"斯里兰卡"	,"从中国进口"	,"120056003"	,"2016-12-31"	,"428832.9"	,
"斯里兰卡"	,"从中国进口"	,"120056003"	,"2017-12-31"	,"408799.6"	,
"斯里兰卡"	,"从中国进口"	,"120056003"	,"2018-12-31"	,"425504.9"	,
"斯里兰卡"	,"从中国进口"	,"120056003"	,"2019-12-31"	,"409060.6391"	,
"斯里兰卡"	,"从中国进口"	,"120056003"	,"2020-12-31"	,"384272.8983"	,
"斯里兰卡"	,"从中国进口"	,"120056003"	,"2021-12-31"	,"525443"	,
"斯里兰卡"	,"从中国进口"	,"120056003"	,"2022-12-31"	,"369644"	,
"斯里兰卡"	,"从中国进口"	,"120056003"	,"2023-12-31"	,"375543"	,
"斯里兰卡"	,"从中国进口"	,"120056003"	,"2024-12-31"	,"496858.2962"	,
"塔吉克斯坦"	,"对中国出口"	,"120055766"	,"2016-12-31"	,"3124.5"	,
"塔吉克斯坦"	,"对中国出口"	,"120055766"	,"2017-12-31"	,"4673.7"	,
"塔吉克斯坦"	,"对中国出口"	,"120055766"	,"2018-12-31"	,"7684.4"	,
"塔吉克斯坦"	,"对中国出口"	,"120055766"	,"2019-12-31"	,"8461.9584"	,
"塔吉克斯坦"	,"对中国出口"	,"120055766"	,"2020-12-31"	,"4529.3459"	,
"塔吉克斯坦"	,"对中国出口"	,"120055766"	,"2021-12-31"	,"17547"	,
"塔吉克斯坦"	,"对中国出口"	,"120055766"	,"2022-12-31"	,"37378"	,
"塔吉克斯坦"	,"对中国出口"	,"120055766"	,"2023-12-31"	,"24981"	,
"塔吉克斯坦"	,"对中国出口"	,"120055766"	,"2024-12-31"	,"34835.7403"	,
"塔吉克斯坦"	,"从中国进口"	,"120055993"	,"2016-12-31"	,"172509.7"	,
"塔吉克斯坦"	,"从中国进口"	,"120055993"	,"2017-12-31"	,"130137.5"	,
"塔吉克斯坦"	,"从中国进口"	,"120055993"	,"2018-12-31"	,"142908.2"	,
"塔吉克斯坦"	,"从中国进口"	,"120055993"	,"2019-12-31"	,"159006.7934"	,
"塔吉克斯坦"	,"从中国进口"	,"120055993"	,"2020-12-31"	,"101684.2189"	,
"塔吉克斯坦"	,"从中国进口"	,"120055993"	,"2021-12-31"	,"168315"	,
"塔吉克斯坦"	,"从中国进口"	,"120055993"	,"2022-12-31"	,"219681"	,
"塔吉克斯坦"	,"从中国进口"	,"120055993"	,"2023-12-31"	,"367661"	,
"塔吉克斯坦"	,"从中国进口"	,"120055993"	,"2024-12-31"	,"351233.9558"	,
"泰国"	,"对中国出口"	,"120055774"	,"2016-12-31"	,"3853234.3"	,
"泰国"	,"对中国出口"	,"120055774"	,"2017-12-31"	,"4159608.3"	,
"泰国"	,"对中国出口"	,"120055774"	,"2018-12-31"	,"4462963.7"	,
"泰国"	,"对中国出口"	,"120055774"	,"2019-12-31"	,"4616164.9902"	,
"泰国"	,"对中国出口"	,"120055774"	,"2020-12-31"	,"4813973.7245"	,
"泰国"	,"对中国出口"	,"120055774"	,"2021-12-31"	,"6183263"	,
"泰国"	,"对中国出口"	,"120055774"	,"2022-12-31"	,"5655290"	,
"泰国"	,"对中国出口"	,"120055774"	,"2023-12-31"	,"5055010"	,
"泰国"	,"对中国出口"	,"120055774"	,"2024-12-31"	,"4794524.652"	,
"泰国"	,"从中国进口"	,"120056001"	,"2016-12-31"	,"3719508.4"	,
"泰国"	,"从中国进口"	,"120056001"	,"2017-12-31"	,"3854172.7"	,
"泰国"	,"从中国进口"	,"120056001"	,"2018-12-31"	,"4287871.7"	,
"泰国"	,"从中国进口"	,"120056001"	,"2019-12-31"	,"4558483.8927"	,
"泰国"	,"从中国进口"	,"120056001"	,"2020-12-31"	,"5051423.9522"	,
"泰国"	,"从中国进口"	,"120056001"	,"2021-12-31"	,"6935458"	,
"泰国"	,"从中国进口"	,"120056001"	,"2022-12-31"	,"7721773"	,
"泰国"	,"从中国进口"	,"120056001"	,"2023-12-31"	,"7572519"	,
"泰国"	,"从中国进口"	,"120056001"	,"2024-12-31"	,"8603629.9831"	,
"土耳其"	,"对中国出口"	,"120055773"	,"2016-12-31"	,"278541.5"	,
"土耳其"	,"对中国出口"	,"120055773"	,"2017-12-31"	,"378343"	,
"土耳其"	,"对中国出口"	,"120055773"	,"2018-12-31"	,"375686"	,
"土耳其"	,"对中国出口"	,"120055773"	,"2019-12-31"	,"349681.9906"	,
"土耳其"	,"对中国出口"	,"120055773"	,"2020-12-31"	,"373141.1072"	,
"土耳其"	,"对中国出口"	,"120055773"	,"2021-12-31"	,"504897"	,
"土耳其"	,"对中国出口"	,"120055773"	,"2022-12-31"	,"450431"	,
"土耳其"	,"对中国出口"	,"120055773"	,"2023-12-31"	,"451995"	,
"土耳其"	,"对中国出口"	,"120055773"	,"2024-12-31"	,"477049.6527"	,
"土耳其"	,"从中国进口"	,"120056000"	,"2016-12-31"	,"1668951.1"	,
"土耳其"	,"从中国进口"	,"120056000"	,"2017-12-31"	,"1812150.8"	,
"土耳其"	,"从中国进口"	,"120056000"	,"2018-12-31"	,"1778859.5"	,
"土耳其"	,"从中国进口"	,"120056000"	,"2019-12-31"	,"1732370.4712"	,
"土耳其"	,"从中国进口"	,"120056000"	,"2020-12-31"	,"2034648.2012"	,
"土耳其"	,"从中国进口"	,"120056000"	,"2021-12-31"	,"2915179"	,
"土耳其"	,"从中国进口"	,"120056000"	,"2022-12-31"	,"3382222"	,
"土耳其"	,"从中国进口"	,"120056000"	,"2023-12-31"	,"3887138"	,
"土耳其"	,"从中国进口"	,"120056000"	,"2024-12-31"	,"3811488.8074"	,
"土库曼斯坦"	,"对中国出口"	,"120055765"	,"2016-12-31"	,"556329.5"	,
"土库曼斯坦"	,"对中国出口"	,"120055765"	,"2017-12-31"	,"657512.6"	,
"土库曼斯坦"	,"对中国出口"	,"120055765"	,"2018-12-31"	,"811937"	,
"土库曼斯坦"	,"对中国出口"	,"120055765"	,"2019-12-31"	,"868602.2768"	,
"土库曼斯坦"	,"对中国出口"	,"120055765"	,"2020-12-31"	,"607188.1112"	,
"土库曼斯坦"	,"对中国出口"	,"120055765"	,"2021-12-31"	,"684446"	,
"土库曼斯坦"	,"对中国出口"	,"120055765"	,"2022-12-31"	,"1031356"	,
"土库曼斯坦"	,"对中国出口"	,"120055765"	,"2023-12-31"	,"963340"	,
"土库曼斯坦"	,"对中国出口"	,"120055765"	,"2024-12-31"	,"961832.0859"	,
"土库曼斯坦"	,"从中国进口"	,"120055992"	,"2016-12-31"	,"33847.9"	,
"土库曼斯坦"	,"从中国进口"	,"120055992"	,"2017-12-31"	,"36811.7"	,
"土库曼斯坦"	,"从中国进口"	,"120055992"	,"2018-12-31"	,"31692.5"	,
"土库曼斯坦"	,"从中国进口"	,"120055992"	,"2019-12-31"	,"43085.3257"	,
"土库曼斯坦"	,"从中国进口"	,"120055992"	,"2020-12-31"	,"44348.8588"	,
"土库曼斯坦"	,"从中国进口"	,"120055992"	,"2021-12-31"	,"51297"	,
"土库曼斯坦"	,"从中国进口"	,"120055992"	,"2022-12-31"	,"86055"	,
"土库曼斯坦"	,"从中国进口"	,"120055992"	,"2023-12-31"	,"95683.8329"	,
"土库曼斯坦"	,"从中国进口"	,"120055992"	,"2024-12-31"	,"102902.4569"	,
"文莱"	,"对中国出口"	,"120055805"	,"2016-12-31"	,"22154.6"	,
"文莱"	,"对中国出口"	,"120055805"	,"2017-12-31"	,"35181"	,
"文莱"	,"对中国出口"	,"120055805"	,"2018-12-31"	,"24751"	,
"文莱"	,"对中国出口"	,"120055805"	,"2019-12-31"	,"45287.7043"	,
"文莱"	,"对中国出口"	,"120055805"	,"2020-12-31"	,"147599.395"	,
"文莱"	,"对中国出口"	,"120055805"	,"2021-12-31"	,"222548"	,
"文莱"	,"对中国出口"	,"120055805"	,"2022-12-31"	,"224862"	,
"文莱"	,"对中国出口"	,"120055805"	,"2023-12-31"	,"194707"	,
"文莱"	,"对中国出口"	,"120055805"	,"2024-12-31"	,"209865.3789"	,
"文莱"	,"从中国进口"	,"120056032"	,"2016-12-31"	,"51102.6"	,
"文莱"	,"从中国进口"	,"120056032"	,"2017-12-31"	,"63759.3"	,
"文莱"	,"从中国进口"	,"120056032"	,"2018-12-31"	,"159194.8"	,
"文莱"	,"从中国进口"	,"120056032"	,"2019-12-31"	,"64986.5127"	,
"文莱"	,"从中国进口"	,"120056032"	,"2020-12-31"	,"46622.4286"	,
"文莱"	,"从中国进口"	,"120056032"	,"2021-12-31"	,"63906"	,
"文莱"	,"从中国进口"	,"120056032"	,"2022-12-31"	,"81537"	,
"文莱"	,"从中国进口"	,"120056032"	,"2023-12-31"	,"85761"	,
"文莱"	,"从中国进口"	,"120056032"	,"2024-12-31"	,"71064.1125"	,
"乌兹别克斯坦"	,"对中国出口"	,"120055764"	,"2016-12-31"	,"160705.8"	,
"乌兹别克斯坦"	,"对中国出口"	,"120055764"	,"2017-12-31"	,"147144.9"	,
"乌兹别克斯坦"	,"对中国出口"	,"120055764"	,"2018-12-31"	,"232446"	,
"乌兹别克斯坦"	,"对中国出口"	,"120055764"	,"2019-12-31"	,"218078.1409"	,
"乌兹别克斯坦"	,"对中国出口"	,"120055764"	,"2020-12-31"	,"148330.8489"	,
"乌兹别克斯坦"	,"对中国出口"	,"120055764"	,"2021-12-31"	,"215541"	,
"乌兹别克斯坦"	,"对中国出口"	,"120055764"	,"2022-12-31"	,"227641"	,
"乌兹别克斯坦"	,"对中国出口"	,"120055764"	,"2023-12-31"	,"165960"	,
"乌兹别克斯坦"	,"对中国出口"	,"120055764"	,"2024-12-31"	,"201039.9312"	,
"乌兹别克斯坦"	,"从中国进口"	,"120055991"	,"2016-12-31"	,"200755.1"	,
"乌兹别克斯坦"	,"从中国进口"	,"120055991"	,"2017-12-31"	,"274942.3"	,
"乌兹别克斯坦"	,"从中国进口"	,"120055991"	,"2018-12-31"	,"394473.1"	,
"乌兹别克斯坦"	,"从中国进口"	,"120055991"	,"2019-12-31"	,"503208.8425"	,
"乌兹别克斯坦"	,"从中国进口"	,"120055991"	,"2020-12-31"	,"513871.6239"	,
"乌兹别克斯坦"	,"从中国进口"	,"120055991"	,"2021-12-31"	,"588165"	,
"乌兹别克斯坦"	,"从中国进口"	,"120055991"	,"2022-12-31"	,"742371"	,
"乌兹别克斯坦"	,"从中国进口"	,"120055991"	,"2023-12-31"	,"1238066"	,
"乌兹别克斯坦"	,"从中国进口"	,"120055991"	,"2024-12-31"	,"1177055.4382"	,
"新加坡"	,"对中国出口"	,"120055778"	,"2016-12-31"	,"2601424.9"	,
"新加坡"	,"对中国出口"	,"120055778"	,"2017-12-31"	,"3424962.4"	,
"新加坡"	,"对中国出口"	,"120055778"	,"2018-12-31"	,"3372777.2"	,
"新加坡"	,"对中国出口"	,"120055778"	,"2019-12-31"	,"3523781.8236"	,
"新加坡"	,"对中国出口"	,"120055778"	,"2020-12-31"	,"3161807.126"	,
"新加坡"	,"对中国出口"	,"120055778"	,"2021-12-31"	,"3881973"	,
"新加坡"	,"对中国出口"	,"120055778"	,"2022-12-31"	,"3364172"	,
"新加坡"	,"对中国出口"	,"120055778"	,"2023-12-31"	,"3142671"	,
"新加坡"	,"对中国出口"	,"120055778"	,"2024-12-31"	,"3189332.8942"	,
"新加坡"	,"从中国进口"	,"120056005"	,"2016-12-31"	,"4451166.7"	,
"新加坡"	,"从中国进口"	,"120056005"	,"2017-12-31"	,"4501930"	,
"新加坡"	,"从中国进口"	,"120056005"	,"2018-12-31"	,"4903662.5"	,
"新加坡"	,"从中国进口"	,"120056005"	,"2019-12-31"	,"5479848.8296"	,
"新加坡"	,"从中国进口"	,"120056005"	,"2020-12-31"	,"5762612.1928"	,
"新加坡"	,"从中国进口"	,"120056005"	,"2021-12-31"	,"5510346"	,
"新加坡"	,"从中国进口"	,"120056005"	,"2022-12-31"	,"7942248"	,
"新加坡"	,"从中国进口"	,"120056005"	,"2023-12-31"	,"7690828"	,
"新加坡"	,"从中国进口"	,"120056005"	,"2024-12-31"	,"7922033.8937"	,
"叙利亚"	,"对中国出口"	,"120055775"	,"2016-12-31"	,"326.4"	,
"叙利亚"	,"对中国出口"	,"120055775"	,"2017-12-31"	,"133.4"	,
"叙利亚"	,"对中国出口"	,"120055775"	,"2018-12-31"	,"86.9"	,
"叙利亚"	,"对中国出口"	,"120055775"	,"2019-12-31"	,"140.9486"	,
"叙利亚"	,"对中国出口"	,"120055775"	,"2020-12-31"	,"133.1472"	,
"叙利亚"	,"对中国出口"	,"120055775"	,"2021-12-31"	,"128"	,
"叙利亚"	,"对中国出口"	,"120055775"	,"2022-12-31"	,"224"	,
"叙利亚"	,"对中国出口"	,"120055775"	,"2023-12-31"	,"155.3166"	,
"叙利亚"	,"对中国出口"	,"120055775"	,"2024-12-31"	,"281.8012"	,
"叙利亚"	,"从中国进口"	,"120056002"	,"2016-12-31"	,"91534.6"	,
"叙利亚"	,"从中国进口"	,"120056002"	,"2017-12-31"	,"110281.4"	,
"叙利亚"	,"从中国进口"	,"120056002"	,"2018-12-31"	,"127277.2"	,
"叙利亚"	,"从中国进口"	,"120056002"	,"2019-12-31"	,"131380.7451"	,
"叙利亚"	,"从中国进口"	,"120056002"	,"2020-12-31"	,"83352.1413"	,
"叙利亚"	,"从中国进口"	,"120056002"	,"2021-12-31"	,"48235"	,
"叙利亚"	,"从中国进口"	,"120056002"	,"2022-12-31"	,"42012"	,
"叙利亚"	,"从中国进口"	,"120056002"	,"2023-12-31"	,"35601"	,
"叙利亚"	,"从中国进口"	,"120056002"	,"2024-12-31"	,"38635.9358"	,
"亚美尼亚"	,"对中国出口"	,"120055688"	,"2016-12-31"	,"28061.8"	,
"亚美尼亚"	,"对中国出口"	,"120055688"	,"2017-12-31"	,"30267.7"	,
"亚美尼亚"	,"对中国出口"	,"120055688"	,"2018-12-31"	,"30214.3"	,
"亚美尼亚"	,"对中国出口"	,"120055688"	,"2019-12-31"	,"53130.4034"	,
"亚美尼亚"	,"对中国出口"	,"120055688"	,"2020-12-31"	,"79448.688"	,
"亚美尼亚"	,"对中国出口"	,"120055688"	,"2021-12-31"	,"108762"	,
"亚美尼亚"	,"对中国出口"	,"120055688"	,"2022-12-31"	,"90747"	,
"亚美尼亚"	,"对中国出口"	,"120055688"	,"2023-12-31"	,"98093"	,
"亚美尼亚"	,"对中国出口"	,"120055688"	,"2024-12-31"	,"76816.346"	,
"亚美尼亚"	,"从中国进口"	,"120055898"	,"2016-12-31"	,"11119.4"	,
"亚美尼亚"	,"从中国进口"	,"120055898"	,"2017-12-31"	,"14385.2"	,
"亚美尼亚"	,"从中国进口"	,"120055898"	,"2018-12-31"	,"21318.4"	,
"亚美尼亚"	,"从中国进口"	,"120055898"	,"2019-12-31"	,"22309.3382"	,
"亚美尼亚"	,"从中国进口"	,"120055898"	,"2020-12-31"	,"22279.3564"	,
"亚美尼亚"	,"从中国进口"	,"120055898"	,"2021-12-31"	,"33098"	,
"亚美尼亚"	,"从中国进口"	,"120055898"	,"2022-12-31"	,"47953"	,
"亚美尼亚"	,"从中国进口"	,"120055898"	,"2023-12-31"	,"59790"	,
"亚美尼亚"	,"从中国进口"	,"120055898"	,"2024-12-31"	,"104790.5858"	,
"也门"	,"对中国出口"	,"120055771"	,"2016-12-31"	,"16602.8"	,
"也门"	,"对中国出口"	,"120055771"	,"2017-12-31"	,"65996.2"	,
"也门"	,"对中国出口"	,"120055771"	,"2018-12-31"	,"71993.3"	,
"也门"	,"对中国出口"	,"120055771"	,"2019-12-31"	,"86662.5199"	,
"也门"	,"对中国出口"	,"120055771"	,"2020-12-31"	,"67401.9114"	,
"也门"	,"对中国出口"	,"120055771"	,"2021-12-31"	,"48617"	,
"也门"	,"对中国出口"	,"120055771"	,"2022-12-31"	,"63327"	,
"也门"	,"对中国出口"	,"120055771"	,"2023-12-31"	,"1692.882"	,
"也门"	,"对中国出口"	,"120055771"	,"2024-12-31"	,"2002.6925"	,
"也门"	,"从中国进口"	,"120055998"	,"2016-12-31"	,"169240.7"	,
"也门"	,"从中国进口"	,"120055998"	,"2017-12-31"	,"164303.8"	,
"也门"	,"从中国进口"	,"120055998"	,"2018-12-31"	,"187460.8"	,
"也门"	,"从中国进口"	,"120055998"	,"2019-12-31"	,"281902.8984"	,
"也门"	,"从中国进口"	,"120055998"	,"2020-12-31"	,"288133.6396"	,
"也门"	,"从中国进口"	,"120055998"	,"2021-12-31"	,"257011"	,
"也门"	,"从中国进口"	,"120055998"	,"2022-12-31"	,"275731"	,
"也门"	,"从中国进口"	,"120055998"	,"2023-12-31"	,"267615"	,
"也门"	,"从中国进口"	,"120055998"	,"2024-12-31"	,"247211.2579"	,
"伊拉克"	,"对中国出口"	,"120055796"	,"2016-12-31"	,"1066327.1"	,
"伊拉克"	,"对中国出口"	,"120055796"	,"2017-12-31"	,"1381411.2"	,
"伊拉克"	,"对中国出口"	,"120055796"	,"2018-12-31"	,"2249527.4"	,
"伊拉克"	,"对中国出口"	,"120055796"	,"2019-12-31"	,"2392733.6322"	,
"伊拉克"	,"对中国出口"	,"120055796"	,"2020-12-31"	,"1930376.4652"	,
"伊拉克"	,"对中国出口"	,"120055796"	,"2021-12-31"	,"2665311"	,
"伊拉克"	,"对中国出口"	,"120055796"	,"2022-12-31"	,"3939520"	,
"伊拉克"	,"对中国出口"	,"120055796"	,"2023-12-31"	,"3547555"	,
"伊拉克"	,"对中国出口"	,"120055796"	,"2024-12-31"	,"3823708.2198"	,
"伊拉克"	,"从中国进口"	,"120056023"	,"2016-12-31"	,"754817.6"	,
"伊拉克"	,"从中国进口"	,"120056023"	,"2017-12-31"	,"833041.5"	,
"伊拉克"	,"从中国进口"	,"120056023"	,"2018-12-31"	,"790332.4"	,
"伊拉克"	,"从中国进口"	,"120056023"	,"2019-12-31"	,"946132.2795"	,
"伊拉克"	,"从中国进口"	,"120056023"	,"2020-12-31"	,"1092298.1278"	,
"伊拉克"	,"从中国进口"	,"120056023"	,"2021-12-31"	,"1068987"	,
"伊拉克"	,"从中国进口"	,"120056023"	,"2022-12-31"	,"1368657"	,
"伊拉克"	,"从中国进口"	,"120056023"	,"2023-12-31"	,"1428532"	,
"伊拉克"	,"从中国进口"	,"120056023"	,"2024-12-31"	,"1598612.9324"	,
"伊朗"	,"对中国出口"	,"120055797"	,"2016-12-31"	,"1482719.2"	,
"伊朗"	,"对中国出口"	,"120055797"	,"2017-12-31"	,"1855369.3"	,
"伊朗"	,"对中国出口"	,"120055797"	,"2018-12-31"	,"2110228"	,
"伊朗"	,"对中国出口"	,"120055797"	,"2019-12-31"	,"1344562.9531"	,
"伊朗"	,"对中国出口"	,"120055797"	,"2020-12-31"	,"644155.6555"	,
"伊朗"	,"对中国出口"	,"120055797"	,"2021-12-31"	,"650253"	,
"伊朗"	,"对中国出口"	,"120055797"	,"2022-12-31"	,"635370"	,
"伊朗"	,"对中国出口"	,"120055797"	,"2023-12-31"	,"459313"	,
"伊朗"	,"对中国出口"	,"120055797"	,"2024-12-31"	,"444402.9039"	,
"伊朗"	,"从中国进口"	,"120056024"	,"2016-12-31"	,"1641866.1"	,
"伊朗"	,"从中国进口"	,"120056024"	,"2017-12-31"	,"1858481.5"	,
"伊朗"	,"从中国进口"	,"120056024"	,"2018-12-31"	,"1393973.3"	,
"伊朗"	,"从中国进口"	,"120056024"	,"2019-12-31"	,"958998.6041"	,
"伊朗"	,"从中国进口"	,"120056024"	,"2020-12-31"	,"849183.7762"	,
"伊朗"	,"从中国进口"	,"120056024"	,"2021-12-31"	,"827822"	,
"伊朗"	,"从中国进口"	,"120056024"	,"2022-12-31"	,"932655"	,
"伊朗"	,"从中国进口"	,"120056024"	,"2023-12-31"	,"1002479"	,
"伊朗"	,"从中国进口"	,"120056024"	,"2024-12-31"	,"892821.4509"	,
"印度尼西亚"	,"对中国出口"	,"120055798"	,"2016-12-31"	,"2141403.6"	,
"印度尼西亚"	,"对中国出口"	,"120055798"	,"2017-12-31"	,"2857430.6"	,
"印度尼西亚"	,"对中国出口"	,"120055798"	,"2018-12-31"	,"3414977.6"	,
"印度尼西亚"	,"对中国出口"	,"120055798"	,"2019-12-31"	,"3411387.4419"	,
"印度尼西亚"	,"对中国出口"	,"120055798"	,"2020-12-31"	,"3748185.2148"	,
"印度尼西亚"	,"对中国出口"	,"120055798"	,"2021-12-31"	,"6392283"	,
"印度尼西亚"	,"对中国出口"	,"120055798"	,"2022-12-31"	,"7789081"	,
"印度尼西亚"	,"对中国出口"	,"120055798"	,"2023-12-31"	,"7407424"	,
"印度尼西亚"	,"对中国出口"	,"120055798"	,"2024-12-31"	,"7109843.0545"	,
"印度尼西亚"	,"从中国进口"	,"120056025"	,"2016-12-31"	,"3212612.7"	,
"印度尼西亚"	,"从中国进口"	,"120056025"	,"2017-12-31"	,"3475738.5"	,
"印度尼西亚"	,"从中国进口"	,"120056025"	,"2018-12-31"	,"4319140.5"	,
"印度尼西亚"	,"从中国进口"	,"120056025"	,"2019-12-31"	,"4564873.7002"	,
"印度尼西亚"	,"从中国进口"	,"120056025"	,"2020-12-31"	,"4098122.5324"	,
"印度尼西亚"	,"从中国进口"	,"120056025"	,"2021-12-31"	,"6064749"	,
"印度尼西亚"	,"从中国进口"	,"120056025"	,"2022-12-31"	,"7064104"	,
"印度尼西亚"	,"从中国进口"	,"120056025"	,"2023-12-31"	,"6519192"	,
"印度尼西亚"	,"从中国进口"	,"120056025"	,"2024-12-31"	,"7669782.9823"	,
"约旦"	,"对中国出口"	,"120055793"	,"2016-12-31"	,"21116.1"	,
"约旦"	,"对中国出口"	,"120055793"	,"2017-12-31"	,"27918.5"	,
"约旦"	,"对中国出口"	,"120055793"	,"2018-12-31"	,"21418.2"	,
"约旦"	,"对中国出口"	,"120055793"	,"2019-12-31"	,"43406.0039"	,
"约旦"	,"对中国出口"	,"120055793"	,"2020-12-31"	,"42572.9742"	,
"约旦"	,"对中国出口"	,"120055793"	,"2021-12-31"	,"42471"	,
"约旦"	,"对中国出口"	,"120055793"	,"2022-12-31"	,"74587"	,
"约旦"	,"对中国出口"	,"120055793"	,"2023-12-31"	,"70594"	,
"约旦"	,"对中国出口"	,"120055793"	,"2024-12-31"	,"44191.259"	,
"约旦"	,"从中国进口"	,"120056020"	,"2016-12-31"	,"295482.5"	,
"约旦"	,"从中国进口"	,"120056020"	,"2017-12-31"	,"280360.9"	,
"约旦"	,"从中国进口"	,"120056020"	,"2018-12-31"	,"296948.5"	,
"约旦"	,"从中国进口"	,"120056020"	,"2019-12-31"	,"367791.6011"	,
"约旦"	,"从中国进口"	,"120056020"	,"2020-12-31"	,"318150.8856"	,
"约旦"	,"从中国进口"	,"120056020"	,"2021-12-31"	,"399009"	,
"约旦"	,"从中国进口"	,"120056020"	,"2022-12-31"	,"565042"	,
"约旦"	,"从中国进口"	,"120056020"	,"2023-12-31"	,"508042"	,
"约旦"	,"从中国进口"	,"120056020"	,"2024-12-31"	,"492817.7501"	,
"越南"	,"对中国出口"	,"120055770"	,"2016-12-31"	,"3717160.4"	,
"越南"	,"对中国出口"	,"120055770"	,"2017-12-31"	,"5037461.7"	,
"越南"	,"对中国出口"	,"120055770"	,"2018-12-31"	,"6395634.9"	,
"越南"	,"对中国出口"	,"120055770"	,"2019-12-31"	,"6411667.4838"	,
"越南"	,"对中国出口"	,"120055770"	,"2020-12-31"	,"7847442.5894"	,
"越南"	,"对中国出口"	,"120055770"	,"2021-12-31"	,"9231942"	,
"越南"	,"对中国出口"	,"120055770"	,"2022-12-31"	,"8794254"	,
"越南"	,"对中国出口"	,"120055770"	,"2023-12-31"	,"9213259"	,
"越南"	,"对中国出口"	,"120055770"	,"2024-12-31"	,"9876131.7651"	,
"越南"	,"从中国进口"	,"120055997"	,"2016-12-31"	,"6110412.8"	,
"越南"	,"从中国进口"	,"120055997"	,"2017-12-31"	,"7161724.8"	,
"越南"	,"从中国进口"	,"120055997"	,"2018-12-31"	,"8387668.8"	,
"越南"	,"从中国进口"	,"120055997"	,"2019-12-31"	,"9786888.2174"	,
"越南"	,"从中国进口"	,"120055997"	,"2020-12-31"	,"11381565.6726"	,
"越南"	,"从中国进口"	,"120055997"	,"2021-12-31"	,"13789507"	,
"越南"	,"从中国进口"	,"120055997"	,"2022-12-31"	,"14387570"	,
"越南"	,"从中国进口"	,"120055997"	,"2023-12-31"	,"13760140"	,
"阿尔巴尼亚"	,"从中国进口"	,"120055919"	,"2016-12-31"	,"50672"	,
"阿尔巴尼亚"	,"从中国进口"	,"120055919"	,"2017-12-31"	,"45403.4"	,
"阿尔巴尼亚"	,"从中国进口"	,"120055919"	,"2018-12-31"	,"53990.5"	,
"阿尔巴尼亚"	,"从中国进口"	,"120055919"	,"2019-12-31"	,"60109.3182"	,
"阿尔巴尼亚"	,"从中国进口"	,"120055919"	,"2020-12-31"	,"57122.6053"	,
"阿尔巴尼亚"	,"从中国进口"	,"120055919"	,"2021-12-31"	,"59166"	,
"阿尔巴尼亚"	,"从中国进口"	,"120055919"	,"2022-12-31"	,"70054"	,
"阿尔巴尼亚"	,"从中国进口"	,"120055919"	,"2023-12-31"	,"109401"	,
"阿尔巴尼亚"	,"从中国进口"	,"120055919"	,"2024-12-31"	,"113720.3601"	,
"阿尔巴尼亚"	,"对中国出口"	,"120056274"	,"2016-12-31"	,"12859.6"	,
"阿尔巴尼亚"	,"对中国出口"	,"120056274"	,"2017-12-31"	,"19622.2"	,
"阿尔巴尼亚"	,"对中国出口"	,"120056274"	,"2018-12-31"	,"10803.6"	,
"阿尔巴尼亚"	,"对中国出口"	,"120056274"	,"2019-12-31"	,"10272.065"	,
"阿尔巴尼亚"	,"对中国出口"	,"120056274"	,"2020-12-31"	,"8112.0571"	,
"阿尔巴尼亚"	,"对中国出口"	,"120056274"	,"2021-12-31"	,"16445"	,
"阿尔巴尼亚"	,"对中国出口"	,"120056274"	,"2022-12-31"	,"18522"	,
"阿尔巴尼亚"	,"对中国出口"	,"120056274"	,"2023-12-31"	,"18008"	,
"阿尔巴尼亚"	,"对中国出口"	,"120056274"	,"2024-12-31"	,"20458.067"	,
"爱沙尼亚"	,"对中国出口"	,"120055692"	,"2016-12-31"	,"21179.1"	,
"爱沙尼亚"	,"对中国出口"	,"120055692"	,"2017-12-31"	,"26033.9"	,
"爱沙尼亚"	,"对中国出口"	,"120055692"	,"2018-12-31"	,"24519.1"	,
"爱沙尼亚"	,"对中国出口"	,"120055692"	,"2019-12-31"	,"29872.2434"	,
"爱沙尼亚"	,"对中国出口"	,"120055692"	,"2020-12-31"	,"28140.0051"	,
"爱沙尼亚"	,"对中国出口"	,"120055692"	,"2021-12-31"	,"28146"	,
"爱沙尼亚"	,"对中国出口"	,"120055692"	,"2022-12-31"	,"29087"	,
"爱沙尼亚"	,"对中国出口"	,"120055692"	,"2023-12-31"	,"34535"	,
"爱沙尼亚"	,"对中国出口"	,"120055692"	,"2024-12-31"	,"33526.6462"	,
"爱沙尼亚"	,"从中国进口"	,"120055902"	,"2016-12-31"	,"96417.4"	,
"爱沙尼亚"	,"从中国进口"	,"120055902"	,"2017-12-31"	,"100635.2"	,
"爱沙尼亚"	,"从中国进口"	,"120055902"	,"2018-12-31"	,"103150.7"	,
"爱沙尼亚"	,"从中国进口"	,"120055902"	,"2019-12-31"	,"92232.4808"	,
"爱沙尼亚"	,"从中国进口"	,"120055902"	,"2020-12-31"	,"86388.0707"	,
"爱沙尼亚"	,"从中国进口"	,"120055902"	,"2021-12-31"	,"100991"	,
"爱沙尼亚"	,"从中国进口"	,"120055902"	,"2022-12-31"	,"94655"	,
"爱沙尼亚"	,"从中国进口"	,"120055902"	,"2023-12-31"	,"82474"	,
"爱沙尼亚"	,"从中国进口"	,"120055902"	,"2024-12-31"	,"81495.7136"	,
"奥地利"	,"对中国出口"	,"120055706"	,"2016-12-31"	,"502654.4"	,
"奥地利"	,"对中国出口"	,"120055706"	,"2017-12-31"	,"586591.1"	,
"奥地利"	,"对中国出口"	,"120055706"	,"2018-12-31"	,"692328.4"	,
"奥地利"	,"对中国出口"	,"120055706"	,"2019-12-31"	,"762329.7148"	,
"奥地利"	,"对中国出口"	,"120055706"	,"2020-12-31"	,"663980.7037"	,
"奥地利"	,"对中国出口"	,"120055706"	,"2021-12-31"	,"841886"	,
"奥地利"	,"对中国出口"	,"120055706"	,"2022-12-31"	,"824077"	,
"奥地利"	,"对中国出口"	,"120055706"	,"2023-12-31"	,"784755"	,
"奥地利"	,"对中国出口"	,"120055706"	,"2024-12-31"	,"814809.9941"	,
"奥地利"	,"从中国进口"	,"120055917"	,"2016-12-31"	,"224287.3"	,
"奥地利"	,"从中国进口"	,"120055917"	,"2017-12-31"	,"252712.9"	,
"奥地利"	,"从中国进口"	,"120055917"	,"2018-12-31"	,"282753.7"	,
"奥地利"	,"从中国进口"	,"120055917"	,"2019-12-31"	,"304777.1143"	,
"奥地利"	,"从中国进口"	,"120055917"	,"2020-12-31"	,"340636.5736"	,
"奥地利"	,"从中国进口"	,"120055917"	,"2021-12-31"	,"534957"	,
"奥地利"	,"从中国进口"	,"120055917"	,"2022-12-31"	,"512140"	,
"奥地利"	,"从中国进口"	,"120055917"	,"2023-12-31"	,"469888"	,
"奥地利"	,"从中国进口"	,"120055917"	,"2024-12-31"	,"410127.1542"	,
"白俄罗斯"	,"对中国出口"	,"120055686"	,"2016-12-31"	,"43518.9"	,
"白俄罗斯"	,"对中国出口"	,"120055686"	,"2017-12-31"	,"51538.4"	,
"白俄罗斯"	,"对中国出口"	,"120055686"	,"2018-12-31"	,"57105.4"	,
"白俄罗斯"	,"对中国出口"	,"120055686"	,"2019-12-31"	,"91485.9793"	,
"白俄罗斯"	,"对中国出口"	,"120055686"	,"2020-12-31"	,"88869.2999"	,
"白俄罗斯"	,"对中国出口"	,"120055686"	,"2021-12-31"	,"109069"	,
"白俄罗斯"	,"对中国出口"	,"120055686"	,"2022-12-31"	,"180197"	,
"白俄罗斯"	,"对中国出口"	,"120055686"	,"2023-12-31"	,"260446"	,
"白俄罗斯"	,"对中国出口"	,"120055686"	,"2024-12-31"	,"181089.64"	,
"白俄罗斯"	,"从中国进口"	,"120055896"	,"2016-12-31"	,"109017.3"	,
"白俄罗斯"	,"从中国进口"	,"120055896"	,"2017-12-31"	,"93336.2"	,
"白俄罗斯"	,"从中国进口"	,"120055896"	,"2018-12-31"	,"114158.9"	,
"白俄罗斯"	,"从中国进口"	,"120055896"	,"2019-12-31"	,"179906.92"	,
"白俄罗斯"	,"从中国进口"	,"120055896"	,"2020-12-31"	,"211323.1579"	,
"白俄罗斯"	,"从中国进口"	,"120055896"	,"2021-12-31"	,"272941"	,
"白俄罗斯"	,"从中国进口"	,"120055896"	,"2022-12-31"	,"325176"	,
"白俄罗斯"	,"从中国进口"	,"120055896"	,"2023-12-31"	,"583728"	,
"白俄罗斯"	,"从中国进口"	,"120055896"	,"2024-12-31"	,"658256.1632"	,
"保加利亚"	,"对中国出口"	,"120055705"	,"2016-12-31"	,"59010.8"	,
"保加利亚"	,"对中国出口"	,"120055705"	,"2017-12-31"	,"96918.3"	,
"保加利亚"	,"对中国出口"	,"120055705"	,"2018-12-31"	,"114643.1"	,
"保加利亚"	,"对中国出口"	,"120055705"	,"2019-12-31"	,"116413.6835"	,
"保加利亚"	,"对中国出口"	,"120055705"	,"2020-12-31"	,"137098.2164"	,
"保加利亚"	,"对中国出口"	,"120055705"	,"2021-12-31"	,"179855"	,
"保加利亚"	,"对中国出口"	,"120055705"	,"2022-12-31"	,"127352"	,
"保加利亚"	,"对中国出口"	,"120055705"	,"2023-12-31"	,"157485"	,
"保加利亚"	,"对中国出口"	,"120055705"	,"2024-12-31"	,"121422.5398"	,
"保加利亚"	,"从中国进口"	,"120055916"	,"2016-12-31"	,"105653.6"	,
"保加利亚"	,"从中国进口"	,"120055916"	,"2017-12-31"	,"116904.7"	,
"保加利亚"	,"从中国进口"	,"120055916"	,"2018-12-31"	,"144025.3"	,
"保加利亚"	,"从中国进口"	,"120055916"	,"2019-12-31"	,"155478.7822"	,
"保加利亚"	,"从中国进口"	,"120055916"	,"2020-12-31"	,"154708.9088"	,
"保加利亚"	,"从中国进口"	,"120055916"	,"2021-12-31"	,"231221"	,
"保加利亚"	,"从中国进口"	,"120055916"	,"2022-12-31"	,"284408"	,
"保加利亚"	,"从中国进口"	,"120055916"	,"2023-12-31"	,"264589"	,
"保加利亚"	,"从中国进口"	,"120055916"	,"2024-12-31"	,"283465.874"	,
"北马其顿"	,"对中国出口"	,"120055677"	,"2016-12-31"	,"4670.5"	,
"北马其顿"	,"对中国出口"	,"120055677"	,"2017-12-31"	,"8668.9"	,
"北马其顿"	,"对中国出口"	,"120055677"	,"2018-12-31"	,"4834.3"	,
"北马其顿"	,"对中国出口"	,"120055677"	,"2019-12-31"	,"14705.8917"	,
"北马其顿"	,"对中国出口"	,"120055677"	,"2020-12-31"	,"22713.3494"	,
"北马其顿"	,"对中国出口"	,"120055677"	,"2021-12-31"	,"36594"	,
"北马其顿"	,"对中国出口"	,"120055677"	,"2022-12-31"	,"17897"	,
"北马其顿"	,"对中国出口"	,"120055677"	,"2023-12-31"	,"19373"	,
"北马其顿"	,"对中国出口"	,"120055677"	,"2024-12-31"	,"17432.8074"	,
"北马其顿"	,"从中国进口"	,"120055887"	,"2016-12-31"	,"9013.8"	,
"北马其顿"	,"从中国进口"	,"120055887"	,"2017-12-31"	,"7804.1"	,
"北马其顿"	,"从中国进口"	,"120055887"	,"2018-12-31"	,"10574.4"	,
"北马其顿"	,"从中国进口"	,"120055887"	,"2019-12-31"	,"13482.702"	,
"北马其顿"	,"从中国进口"	,"120055887"	,"2020-12-31"	,"15679.4594"	,
"北马其顿"	,"从中国进口"	,"120055887"	,"2021-12-31"	,"22428"	,
"北马其顿"	,"从中国进口"	,"120055887"	,"2022-12-31"	,"23458"	,
"北马其顿"	,"从中国进口"	,"120055887"	,"2023-12-31"	,"28198"	,
"北马其顿"	,"从中国进口"	,"120055887"	,"2024-12-31"	,"31557.8597"	,
"波黑"	,"对中国出口"	,"120055676"	,"2016-12-31"	,"4354.6"	,
"波黑"	,"对中国出口"	,"120055676"	,"2017-12-31"	,"5725.4"	,
"波黑"	,"对中国出口"	,"120055676"	,"2018-12-31"	,"7740.2"	,
"波黑"	,"对中国出口"	,"120055676"	,"2019-12-31"	,"7687.8578"	,
"波黑"	,"对中国出口"	,"120055676"	,"2020-12-31"	,"7268.4402"	,
"波黑"	,"对中国出口"	,"120055676"	,"2021-12-31"	,"13764"	,
"波黑"	,"对中国出口"	,"120055676"	,"2022-12-31"	,"12271"	,
"波黑"	,"对中国出口"	,"120055676"	,"2023-12-31"	,"8288"	,
"波黑"	,"对中国出口"	,"120055676"	,"2024-12-31"	,"12708.6821"	,
"波黑"	,"从中国进口"	,"120055886"	,"2016-12-31"	,"6413.2"	,
"波黑"	,"从中国进口"	,"120055886"	,"2017-12-31"	,"7881.7"	,
"波黑"	,"从中国进口"	,"120055886"	,"2018-12-31"	,"10971.8"	,
"波黑"	,"从中国进口"	,"120055886"	,"2019-12-31"	,"11516.4881"	,
"波黑"	,"从中国进口"	,"120055886"	,"2020-12-31"	,"12010.1901"	,
"波黑"	,"从中国进口"	,"120055886"	,"2021-12-31"	,"13695"	,
"波黑"	,"从中国进口"	,"120055886"	,"2022-12-31"	,"18518"	,
"波黑"	,"从中国进口"	,"120055886"	,"2023-12-31"	,"27883.7008"	,
"波黑"	,"从中国进口"	,"120055886"	,"2024-12-31"	,"28960.7932"	,
"波兰"	,"对中国出口"	,"120055697"	,"2016-12-31"	,"253772.2"	,
"波兰"	,"对中国出口"	,"120055697"	,"2017-12-31"	,"335350.8"	,
"波兰"	,"对中国出口"	,"120055697"	,"2018-12-31"	,"364536.8"	,
"波兰"	,"对中国出口"	,"120055697"	,"2019-12-31"	,"394149.4616"	,
"波兰"	,"对中国出口"	,"120055697"	,"2020-12-31"	,"432043.0163"	,
"波兰"	,"对中国出口"	,"120055697"	,"2021-12-31"	,"554183"	,
"波兰"	,"对中国出口"	,"120055697"	,"2022-12-31"	,"505487"	,
"波兰"	,"对中国出口"	,"120055697"	,"2023-12-31"	,"485900"	,
"波兰"	,"对中国出口"	,"120055697"	,"2024-12-31"	,"489880.4902"	,
"波兰"	,"从中国进口"	,"120055907"	,"2016-12-31"	,"1510001.9"	,
"波兰"	,"从中国进口"	,"120055907"	,"2017-12-31"	,"1787305"	,
"波兰"	,"从中国进口"	,"120055907"	,"2018-12-31"	,"2087621.2"	,
"波兰"	,"从中国进口"	,"120055907"	,"2019-12-31"	,"2388010.7357"	,
"波兰"	,"从中国进口"	,"120055907"	,"2020-12-31"	,"2673074.9062"	,
"波兰"	,"从中国进口"	,"120055907"	,"2021-12-31"	,"3657787"	,
"波兰"	,"从中国进口"	,"120055907"	,"2022-12-31"	,"3792948"	,
"波兰"	,"从中国进口"	,"120055907"	,"2023-12-31"	,"3716322"	,
"波兰"	,"从中国进口"	,"120055907"	,"2024-12-31"	,"4005076.2152"	,
"俄罗斯"	,"对中国出口"	,"120055684"	,"2016-12-31"	,"3226014.8"	,
"俄罗斯"	,"对中国出口"	,"120055684"	,"2017-12-31"	,"4139029.3"	,
"俄罗斯"	,"对中国出口"	,"120055684"	,"2018-12-31"	,"5914217.6"	,
"俄罗斯"	,"对中国出口"	,"120055684"	,"2019-12-31"	,"6119170.6178"	,
"俄罗斯"	,"对中国出口"	,"120055684"	,"2020-12-31"	,"5768467.8863"	,
"俄罗斯"	,"对中国出口"	,"120055684"	,"2021-12-31"	,"7960907"	,
"俄罗斯"	,"对中国出口"	,"120055684"	,"2022-12-31"	,"11437983"	,
"俄罗斯"	,"对中国出口"	,"120055684"	,"2023-12-31"	,"12932343"	,
"俄罗斯"	,"对中国出口"	,"120055684"	,"2024-12-31"	,"12932035.614"	,
"俄罗斯"	,"从中国进口"	,"120055894"	,"2016-12-31"	,"3735576.7"	,
"俄罗斯"	,"从中国进口"	,"120055894"	,"2017-12-31"	,"4283060"	,
"俄罗斯"	,"从中国进口"	,"120055894"	,"2018-12-31"	,"4796527.3"	,
"俄罗斯"	,"从中国进口"	,"120055894"	,"2019-12-31"	,"4974848.651"	,
"俄罗斯"	,"从中国进口"	,"120055894"	,"2020-12-31"	,"5050446.6205"	,
"俄罗斯"	,"从中国进口"	,"120055894"	,"2021-12-31"	,"6755117"	,
"俄罗斯"	,"从中国进口"	,"120055894"	,"2022-12-31"	,"7564105"	,
"俄罗斯"	,"从中国进口"	,"120055894"	,"2023-12-31"	,"11091316"	,
"俄罗斯"	,"从中国进口"	,"120055894"	,"2024-12-31"	,"11549917.8626"	,
"黑山"	,"从中国进口"	,"185702115"	,"2016-12-31"	,"10835"	,
"黑山"	,"从中国进口"	,"185702115"	,"2017-12-31"	,"13245.6"	,
"黑山"	,"从中国进口"	,"185702115"	,"2018-12-31"	,"17809.7"	,
"黑山"	,"从中国进口"	,"185702115"	,"2019-12-31"	,"11381.8914"	,
"黑山"	,"从中国进口"	,"185702115"	,"2020-12-31"	,"11316.1054"	,
"黑山"	,"从中国进口"	,"185702115"	,"2021-12-31"	,"9613"	,
"黑山"	,"从中国进口"	,"185702115"	,"2022-12-31"	,"21874"	,
"黑山"	,"从中国进口"	,"185702115"	,"2023-12-31"	,"18226.3276"	,
"黑山"	,"从中国进口"	,"185702115"	,"2024-12-31"	,"17171.5946"	,
"黑山"	,"对中国出口"	,"185702712"	,"2016-12-31"	,"3258.2"	,
"黑山"	,"对中国出口"	,"185702712"	,"2017-12-31"	,"6640.1"	,
"黑山"	,"对中国出口"	,"185702712"	,"2018-12-31"	,"4173.6"	,
"黑山"	,"对中国出口"	,"185702712"	,"2019-12-31"	,"4331.2214"	,
"黑山"	,"对中国出口"	,"185702712"	,"2020-12-31"	,"5738.4216"	,
"黑山"	,"对中国出口"	,"185702712"	,"2021-12-31"	,"1133"	,
"黑山"	,"对中国出口"	,"185702712"	,"2022-12-31"	,"4726"	,
"黑山"	,"对中国出口"	,"185702712"	,"2023-12-31"	,"4059"	,
"黑山"	,"对中国出口"	,"185702712"	,"2024-12-31"	,"5432.3484"	,
"捷克"	,"对中国出口"	,"120055679"	,"2016-12-31"	,"295154.3"	,
"捷克"	,"对中国出口"	,"120055679"	,"2017-12-31"	,"369570.6"	,
"捷克"	,"对中国出口"	,"120055679"	,"2018-12-31"	,"439904.7"	,
"捷克"	,"对中国出口"	,"120055679"	,"2019-12-31"	,"462821.1225"	,
"捷克"	,"对中国出口"	,"120055679"	,"2020-12-31"	,"513353.7228"	,
"捷克"	,"对中国出口"	,"120055679"	,"2021-12-31"	,"605328"	,
"捷克"	,"对中国出口"	,"120055679"	,"2022-12-31"	,"541425"	,
"捷克"	,"对中国出口"	,"120055679"	,"2023-12-31"	,"522432"	,
"捷克"	,"对中国出口"	,"120055679"	,"2024-12-31"	,"568818.6877"	,
"捷克"	,"从中国进口"	,"120055889"	,"2016-12-31"	,"806174.9"	,
"捷克"	,"从中国进口"	,"120055889"	,"2017-12-31"	,"879297"	,
"捷克"	,"从中国进口"	,"120055889"	,"2018-12-31"	,"1190958.3"	,
"捷克"	,"从中国进口"	,"120055889"	,"2019-12-31"	,"1297304.2719"	,
"捷克"	,"从中国进口"	,"120055889"	,"2020-12-31"	,"1373768.8449"	,
"捷克"	,"从中国进口"	,"120055889"	,"2021-12-31"	,"1510814"	,
"捷克"	,"从中国进口"	,"120055889"	,"2022-12-31"	,"1821652"	,
"捷克"	,"从中国进口"	,"120055889"	,"2023-12-31"	,"1628889"	,
"捷克"	,"从中国进口"	,"120055889"	,"2024-12-31"	,"1753961.7378"	,
"克罗地亚"	,"对中国出口"	,"120055680"	,"2016-12-31"	,"16144"	,
"克罗地亚"	,"对中国出口"	,"120055680"	,"2017-12-31"	,"18308.4"	,
"克罗地亚"	,"对中国出口"	,"120055680"	,"2018-12-31"	,"21199.7"	,
"克罗地亚"	,"对中国出口"	,"120055680"	,"2019-12-31"	,"14498.1204"	,
"克罗地亚"	,"对中国出口"	,"120055680"	,"2020-12-31"	,"13759.0092"	,
"克罗地亚"	,"对中国出口"	,"120055680"	,"2021-12-31"	,"33990"	,
"克罗地亚"	,"对中国出口"	,"120055680"	,"2022-12-31"	,"15863"	,
"克罗地亚"	,"对中国出口"	,"120055680"	,"2023-12-31"	,"13705"	,
"克罗地亚"	,"对中国出口"	,"120055680"	,"2024-12-31"	,"26421.143"	,
"克罗地亚"	,"从中国进口"	,"120055890"	,"2016-12-31"	,"101723.9"	,
"克罗地亚"	,"从中国进口"	,"120055890"	,"2017-12-31"	,"115964.1"	,
"克罗地亚"	,"从中国进口"	,"120055890"	,"2018-12-31"	,"132716.2"	,
"克罗地亚"	,"从中国进口"	,"120055890"	,"2019-12-31"	,"139682.1033"	,
"克罗地亚"	,"从中国进口"	,"120055890"	,"2020-12-31"	,"156674.1362"	,
"克罗地亚"	,"从中国进口"	,"120055890"	,"2021-12-31"	,"197692"	,
"克罗地亚"	,"从中国进口"	,"120055890"	,"2022-12-31"	,"225520"	,
"克罗地亚"	,"从中国进口"	,"120055890"	,"2023-12-31"	,"239594"	,
"克罗地亚"	,"从中国进口"	,"120055890"	,"2024-12-31"	,"269360.6408"	,
"拉脱维亚"	,"对中国出口"	,"120055691"	,"2016-12-31"	,"13220.5"	,
"拉脱维亚"	,"对中国出口"	,"120055691"	,"2017-12-31"	,"17724"	,
"拉脱维亚"	,"对中国出口"	,"120055691"	,"2018-12-31"	,"21305.1"	,
"拉脱维亚"	,"对中国出口"	,"120055691"	,"2019-12-31"	,"19569.0941"	,
"拉脱维亚"	,"对中国出口"	,"120055691"	,"2020-12-31"	,"20039.4953"	,
"拉脱维亚"	,"对中国出口"	,"120055691"	,"2021-12-31"	,"23910"	,
"拉脱维亚"	,"对中国出口"	,"120055691"	,"2022-12-31"	,"37534"	,
"拉脱维亚"	,"对中国出口"	,"120055691"	,"2023-12-31"	,"27196"	,
"拉脱维亚"	,"对中国出口"	,"120055691"	,"2024-12-31"	,"28585.8372"	,
"拉脱维亚"	,"从中国进口"	,"120055901"	,"2016-12-31"	,"106272.4"	,
"拉脱维亚"	,"从中国进口"	,"120055901"	,"2017-12-31"	,"114824.2"	,
"拉脱维亚"	,"从中国进口"	,"120055901"	,"2018-12-31"	,"116608.8"	,
"拉脱维亚"	,"从中国进口"	,"120055901"	,"2019-12-31"	,"109358.5683"	,
"拉脱维亚"	,"从中国进口"	,"120055901"	,"2020-12-31"	,"105233.709"	,
"拉脱维亚"	,"从中国进口"	,"120055901"	,"2021-12-31"	,"114636"	,
"拉脱维亚"	,"从中国进口"	,"120055901"	,"2022-12-31"	,"102473"	,
"拉脱维亚"	,"从中国进口"	,"120055901"	,"2023-12-31"	,"98798"	,
"拉脱维亚"	,"从中国进口"	,"120055901"	,"2024-12-31"	,"86567.8877"	,
"立陶宛"	,"对中国出口"	,"120055690"	,"2016-12-31"	,"16401.1"	,
"立陶宛"	,"对中国出口"	,"120055690"	,"2017-12-31"	,"25515.1"	,
"立陶宛"	,"对中国出口"	,"120055690"	,"2018-12-31"	,"33003.9"	,
"立陶宛"	,"对中国出口"	,"120055690"	,"2019-12-31"	,"43650.3043"	,
"立陶宛"	,"对中国出口"	,"120055690"	,"2020-12-31"	,"48761.0102"	,
"立陶宛"	,"对中国出口"	,"120055690"	,"2021-12-31"	,"43349"	,
"立陶宛"	,"对中国出口"	,"120055690"	,"2022-12-31"	,"9067"	,
"立陶宛"	,"对中国出口"	,"120055690"	,"2023-12-31"	,"13455"	,
"立陶宛"	,"对中国出口"	,"120055690"	,"2024-12-31"	,"21123.3666"	,
"立陶宛"	,"从中国进口"	,"120055900"	,"2016-12-31"	,"129167"	,
"立陶宛"	,"从中国进口"	,"120055900"	,"2017-12-31"	,"160027.4"	,
"立陶宛"	,"从中国进口"	,"120055900"	,"2018-12-31"	,"176295.5"	,
"立陶宛"	,"从中国进口"	,"120055900"	,"2019-12-31"	,"169764.4892"	,
"立陶宛"	,"从中国进口"	,"120055900"	,"2020-12-31"	,"180760.5465"	,
"立陶宛"	,"从中国进口"	,"120055900"	,"2021-12-31"	,"219579"	,
"立陶宛"	,"从中国进口"	,"120055900"	,"2022-12-31"	,"178660"	,
"立陶宛"	,"从中国进口"	,"120055900"	,"2023-12-31"	,"195935"	,
"立陶宛"	,"从中国进口"	,"120055900"	,"2024-12-31"	,"198757.2937"	,
"卢森堡"	,"对中国出口"	,"120055711"	,"2016-12-31"	,"30556.5"	,
"卢森堡"	,"对中国出口"	,"120055711"	,"2017-12-31"	,"30803.6"	,
"卢森堡"	,"对中国出口"	,"120055711"	,"2018-12-31"	,"31204.3"	,
"卢森堡"	,"对中国出口"	,"120055711"	,"2019-12-31"	,"28220.2326"	,
"卢森堡"	,"对中国出口"	,"120055711"	,"2020-12-31"	,"27593.2766"	,
"卢森堡"	,"对中国出口"	,"120055711"	,"2021-12-31"	,"33238"	,
"卢森堡"	,"对中国出口"	,"120055711"	,"2022-12-31"	,"32443"	,
"卢森堡"	,"对中国出口"	,"120055711"	,"2023-12-31"	,"26726.6408"	,
"卢森堡"	,"对中国出口"	,"120055711"	,"2024-12-31"	,"31481.5982"	,
"卢森堡"	,"从中国进口"	,"120055924"	,"2016-12-31"	,"125566.1"	,
"卢森堡"	,"从中国进口"	,"120055924"	,"2017-12-31"	,"70094"	,
"卢森堡"	,"从中国进口"	,"120055924"	,"2018-12-31"	,"80557.2"	,
"卢森堡"	,"从中国进口"	,"120055924"	,"2019-12-31"	,"155020.0562"	,
"卢森堡"	,"从中国进口"	,"120055924"	,"2020-12-31"	,"94947.2692"	,
"卢森堡"	,"从中国进口"	,"120055924"	,"2021-12-31"	,"144190"	,
"卢森堡"	,"从中国进口"	,"120055924"	,"2022-12-31"	,"52442"	,
"卢森堡"	,"从中国进口"	,"120055924"	,"2023-12-31"	,"44988"	,
"卢森堡"	,"从中国进口"	,"120055924"	,"2024-12-31"	,"43456.5857"	,
"罗马尼亚"	,"对中国出口"	,"120055696"	,"2016-12-31"	,"145522.1"	,
"罗马尼亚"	,"对中国出口"	,"120055696"	,"2017-12-31"	,"182431.8"	,
"罗马尼亚"	,"对中国出口"	,"120055696"	,"2018-12-31"	,"216785.2"	,
"罗马尼亚"	,"对中国出口"	,"120055696"	,"2019-12-31"	,"232565.1898"	,
"罗马尼亚"	,"对中国出口"	,"120055696"	,"2020-12-31"	,"263840.4916"	,
"罗马尼亚"	,"对中国出口"	,"120055696"	,"2021-12-31"	,"350746"	,
"罗马尼亚"	,"对中国出口"	,"120055696"	,"2022-12-31"	,"307710"	,
"罗马尼亚"	,"对中国出口"	,"120055696"	,"2023-12-31"	,"282231.1953"	,
"罗马尼亚"	,"对中国出口"	,"120055696"	,"2024-12-31"	,"411618.9108"	,
"罗马尼亚"	,"从中国进口"	,"120055906"	,"2016-12-31"	,"344871.5"	,
"罗马尼亚"	,"从中国进口"	,"120055906"	,"2017-12-31"	,"377796"	,
"罗马尼亚"	,"从中国进口"	,"120055906"	,"2018-12-31"	,"450710.6"	,
"罗马尼亚"	,"从中国进口"	,"120055906"	,"2019-12-31"	,"457343.8493"	,
"罗马尼亚"	,"从中国进口"	,"120055906"	,"2020-12-31"	,"512640.4412"	,
"罗马尼亚"	,"从中国进口"	,"120055906"	,"2021-12-31"	,"670829"	,
"罗马尼亚"	,"从中国进口"	,"120055906"	,"2022-12-31"	,"736364"	,
"罗马尼亚"	,"从中国进口"	,"120055906"	,"2023-12-31"	,"773273"	,
"罗马尼亚"	,"从中国进口"	,"120055906"	,"2024-12-31"	,"933419.9844"	,
"马耳他"	,"对中国出口"	,"120055700"	,"2016-12-31"	,"40012.7"	,
"马耳他"	,"对中国出口"	,"120055700"	,"2017-12-31"	,"41091.4"	,
"马耳他"	,"对中国出口"	,"120055700"	,"2018-12-31"	,"34920.3"	,
"马耳他"	,"对中国出口"	,"120055700"	,"2019-12-31"	,"35862.3461"	,
"马耳他"	,"对中国出口"	,"120055700"	,"2020-12-31"	,"38761.2617"	,
"马耳他"	,"对中国出口"	,"120055700"	,"2021-12-31"	,"55350"	,
"马耳他"	,"对中国出口"	,"120055700"	,"2022-12-31"	,"58521"	,
"马耳他"	,"对中国出口"	,"120055700"	,"2023-12-31"	,"64321.3628"	,
"马耳他"	,"对中国出口"	,"120055700"	,"2024-12-31"	,"48208.9638"	,
"马耳他"	,"从中国进口"	,"120055910"	,"2016-12-31"	,"156602.1"	,
"马耳他"	,"从中国进口"	,"120055910"	,"2017-12-31"	,"209594.2"	,
"马耳他"	,"从中国进口"	,"120055910"	,"2018-12-31"	,"143199.8"	,
"马耳他"	,"从中国进口"	,"120055910"	,"2019-12-31"	,"115983.1724"	,
"马耳他"	,"从中国进口"	,"120055910"	,"2020-12-31"	,"136780.3891"	,
"马耳他"	,"从中国进口"	,"120055910"	,"2021-12-31"	,"220230"	,
"马耳他"	,"从中国进口"	,"120055910"	,"2022-12-31"	,"196573"	,
"马耳他"	,"从中国进口"	,"120055910"	,"2023-12-31"	,"182888"	,
"马耳他"	,"从中国进口"	,"120055910"	,"2024-12-31"	,"406129.0258"	,
"摩尔多瓦"	,"对中国出口"	,"120055685"	,"2016-12-31"	,"2437.2"	,
"摩尔多瓦"	,"对中国出口"	,"120055685"	,"2017-12-31"	,"3396.4"	,
"摩尔多瓦"	,"对中国出口"	,"120055685"	,"2018-12-31"	,"3838.8"	,
"摩尔多瓦"	,"对中国出口"	,"120055685"	,"2019-12-31"	,"4680.7566"	,
"摩尔多瓦"	,"对中国出口"	,"120055685"	,"2020-12-31"	,"6047.2982"	,
"摩尔多瓦"	,"对中国出口"	,"120055685"	,"2021-12-31"	,"10469"	,
"摩尔多瓦"	,"对中国出口"	,"120055685"	,"2022-12-31"	,"8488"	,
"摩尔多瓦"	,"对中国出口"	,"120055685"	,"2023-12-31"	,"9455.2374"	,
"摩尔多瓦"	,"对中国出口"	,"120055685"	,"2024-12-31"	,"12861.4749"	,
"摩尔多瓦"	,"从中国进口"	,"120055895"	,"2016-12-31"	,"7681.2"	,
"摩尔多瓦"	,"从中国进口"	,"120055895"	,"2017-12-31"	,"9791.6"	,
"摩尔多瓦"	,"从中国进口"	,"120055895"	,"2018-12-31"	,"10869.5"	,
"摩尔多瓦"	,"从中国进口"	,"120055895"	,"2019-12-31"	,"12931.2171"	,
"摩尔多瓦"	,"从中国进口"	,"120055895"	,"2020-12-31"	,"14579.9105"	,
"摩尔多瓦"	,"从中国进口"	,"120055895"	,"2021-12-31"	,"17881"	,
"摩尔多瓦"	,"从中国进口"	,"120055895"	,"2022-12-31"	,"20584"	,
"摩尔多瓦"	,"从中国进口"	,"120055895"	,"2023-12-31"	,"25156"	,
"摩尔多瓦"	,"从中国进口"	,"120055895"	,"2024-12-31"	,"33715.7045"	,
"葡萄牙"	,"对中国出口"	,"120055708"	,"2016-12-31"	,"158281.8"	,
"葡萄牙"	,"对中国出口"	,"120055708"	,"2017-12-31"	,"213917.9"	,
"葡萄牙"	,"对中国出口"	,"120055708"	,"2018-12-31"	,"224905.6"	,
"葡萄牙"	,"对中国出口"	,"120055708"	,"2019-12-31"	,"232231.4576"	,
"葡萄牙"	,"对中国出口"	,"120055708"	,"2020-12-31"	,"277249.1896"	,
"葡萄牙"	,"对中国出口"	,"120055708"	,"2021-12-31"	,"345356"	,
"葡萄牙"	,"对中国出口"	,"120055708"	,"2022-12-31"	,"303636"	,
"葡萄牙"	,"对中国出口"	,"120055708"	,"2023-12-31"	,"291193"	,
"葡萄牙"	,"对中国出口"	,"120055708"	,"2024-12-31"	,"317095.0355"	,
"葡萄牙"	,"从中国进口"	,"120055921"	,"2016-12-31"	,"400428.3"	,
"葡萄牙"	,"从中国进口"	,"120055921"	,"2017-12-31"	,"344521.5"	,
"葡萄牙"	,"从中国进口"	,"120055921"	,"2018-12-31"	,"375019.8"	,
"葡萄牙"	,"从中国进口"	,"120055921"	,"2019-12-31"	,"436643.8258"	,
"葡萄牙"	,"从中国进口"	,"120055921"	,"2020-12-31"	,"418059.214"	,
"葡萄牙"	,"从中国进口"	,"120055921"	,"2021-12-31"	,"535424"	,
"葡萄牙"	,"从中国进口"	,"120055921"	,"2022-12-31"	,"596720"	,
"葡萄牙"	,"从中国进口"	,"120055921"	,"2023-12-31"	,"579203"	,
"葡萄牙"	,"从中国进口"	,"120055921"	,"2024-12-31"	,"610972.1368"	,
"塞尔维亚"	,"从中国进口"	,"185702114"	,"2016-12-31"	,"43224.2"	,
"塞尔维亚"	,"从中国进口"	,"185702114"	,"2017-12-31"	,"54563.9"	,
"塞尔维亚"	,"从中国进口"	,"185702114"	,"2018-12-31"	,"72830.1"	,
"塞尔维亚"	,"从中国进口"	,"185702114"	,"2019-12-31"	,"103296.7143"	,
"塞尔维亚"	,"从中国进口"	,"185702114"	,"2020-12-31"	,"162434.0156"	,
"塞尔维亚"	,"从中国进口"	,"185702114"	,"2021-12-31"	,"224216"	,
"塞尔维亚"	,"从中国进口"	,"185702114"	,"2022-12-31"	,"216925"	,
"塞尔维亚"	,"从中国进口"	,"185702114"	,"2023-12-31"	,"269920"	,
"塞尔维亚"	,"从中国进口"	,"185702114"	,"2024-12-31"	,"344556.7762"	,
"塞尔维亚"	,"对中国出口"	,"185702711"	,"2016-12-31"	,"16269.6"	,
"塞尔维亚"	,"对中国出口"	,"185702711"	,"2017-12-31"	,"21158.5"	,
"塞尔维亚"	,"对中国出口"	,"185702711"	,"2018-12-31"	,"22387.2"	,
"塞尔维亚"	,"对中国出口"	,"185702711"	,"2019-12-31"	,"36061.2745"	,
"塞尔维亚"	,"对中国出口"	,"185702711"	,"2020-12-31"	,"49817.6664"	,
"塞尔维亚"	,"对中国出口"	,"185702711"	,"2021-12-31"	,"98353"	,
"塞尔维亚"	,"对中国出口"	,"185702711"	,"2022-12-31"	,"135531"	,
"塞尔维亚"	,"对中国出口"	,"185702711"	,"2023-12-31"	,"164957"	,
"塞尔维亚"	,"对中国出口"	,"185702711"	,"2024-12-31"	,"228583.8093"	,
"塞浦路斯"	,"对中国出口"	,"120055802"	,"2016-12-31"	,"4778.7"	,
"塞浦路斯"	,"对中国出口"	,"120055802"	,"2017-12-31"	,"5334.2"	,
"塞浦路斯"	,"对中国出口"	,"120055802"	,"2018-12-31"	,"5398.8"	,
"塞浦路斯"	,"对中国出口"	,"120055802"	,"2019-12-31"	,"5528.1032"	,
"塞浦路斯"	,"对中国出口"	,"120055802"	,"2020-12-31"	,"2517.235"	,
"塞浦路斯"	,"对中国出口"	,"120055802"	,"2021-12-31"	,"2887"	,
"塞浦路斯"	,"对中国出口"	,"120055802"	,"2022-12-31"	,"3374"	,
"塞浦路斯"	,"对中国出口"	,"120055802"	,"2023-12-31"	,"3554"	,
"塞浦路斯"	,"对中国出口"	,"120055802"	,"2024-12-31"	,"2548.1302"	,
"塞浦路斯"	,"从中国进口"	,"120056029"	,"2016-12-31"	,"46235.7"	,
"塞浦路斯"	,"从中国进口"	,"120056029"	,"2017-12-31"	,"52430.7"	,
"塞浦路斯"	,"从中国进口"	,"120056029"	,"2018-12-31"	,"73812.4"	,
"塞浦路斯"	,"从中国进口"	,"120056029"	,"2019-12-31"	,"58080.9891"	,
"塞浦路斯"	,"从中国进口"	,"120056029"	,"2020-12-31"	,"89310.5601"	,
"塞浦路斯"	,"从中国进口"	,"120056029"	,"2021-12-31"	,"86638"	,
"塞浦路斯"	,"从中国进口"	,"120056029"	,"2022-12-31"	,"116325"	,
"塞浦路斯"	,"从中国进口"	,"120056029"	,"2023-12-31"	,"95753"	,
"塞浦路斯"	,"从中国进口"	,"120056029"	,"2024-12-31"	,"112416.6164"	,
"斯洛伐克"	,"对中国出口"	,"120055678"	,"2016-12-31"	,"241016.6"	,
"斯洛伐克"	,"对中国出口"	,"120055678"	,"2017-12-31"	,"258496.3"	,
"斯洛伐克"	,"对中国出口"	,"120055678"	,"2018-12-31"	,"524562.5"	,
"斯洛伐克"	,"对中国出口"	,"120055678"	,"2019-12-31"	,"596877.5199"	,
"斯洛伐克"	,"对中国出口"	,"120055678"	,"2020-12-31"	,"643108.4889"	,
"斯洛伐克"	,"对中国出口"	,"120055678"	,"2021-12-31"	,"754723"	,
"斯洛伐克"	,"对中国出口"	,"120055678"	,"2022-12-31"	,"770907"	,
"斯洛伐克"	,"对中国出口"	,"120055678"	,"2023-12-31"	,"723394"	,
"斯洛伐克"	,"对中国出口"	,"120055678"	,"2024-12-31"	,"577054.0293"	,
"斯洛伐克"	,"从中国进口"	,"120055888"	,"2016-12-31"	,"286234"	,
"斯洛伐克"	,"从中国进口"	,"120055888"	,"2017-12-31"	,"272947.9"	,
"斯洛伐克"	,"从中国进口"	,"120055888"	,"2018-12-31"	,"253585"	,
"斯洛伐克"	,"从中国进口"	,"120055888"	,"2019-12-31"	,"292382.4153"	,
"斯洛伐克"	,"从中国进口"	,"120055888"	,"2020-12-31"	,"303154.6137"	,
"斯洛伐克"	,"从中国进口"	,"120055888"	,"2021-12-31"	,"454531"	,
"斯洛伐克"	,"从中国进口"	,"120055888"	,"2022-12-31"	,"443490"	,
"斯洛伐克"	,"从中国进口"	,"120055888"	,"2023-12-31"	,"429988"	,
"斯洛伐克"	,"从中国进口"	,"120055888"	,"2024-12-31"	,"394948.3236"	,
"斯洛文尼亚"	,"对中国出口"	,"120055681"	,"2016-12-31"	,"43685.8"	,
"斯洛文尼亚"	,"对中国出口"	,"120055681"	,"2017-12-31"	,"49535.2"	,
"斯洛文尼亚"	,"对中国出口"	,"120055681"	,"2018-12-31"	,"59102.2"	,
"斯洛文尼亚"	,"对中国出口"	,"120055681"	,"2019-12-31"	,"51646.6962"	,
"斯洛文尼亚"	,"对中国出口"	,"120055681"	,"2020-12-31"	,"50868.1108"	,
"斯洛文尼亚"	,"对中国出口"	,"120055681"	,"2021-12-31"	,"63207"	,
"斯洛文尼亚"	,"对中国出口"	,"120055681"	,"2022-12-31"	,"58948"	,
"斯洛文尼亚"	,"对中国出口"	,"120055681"	,"2023-12-31"	,"49895"	,
"斯洛文尼亚"	,"对中国出口"	,"120055681"	,"2024-12-31"	,"51002.3409"	,
"斯洛文尼亚"	,"从中国进口"	,"120055891"	,"2016-12-31"	,"227025.8"	,
"斯洛文尼亚"	,"从中国进口"	,"120055891"	,"2017-12-31"	,"288693"	,
"斯洛文尼亚"	,"从中国进口"	,"120055891"	,"2018-12-31"	,"442423.4"	,
"斯洛文尼亚"	,"从中国进口"	,"120055891"	,"2019-12-31"	,"341152.3282"	,
"斯洛文尼亚"	,"从中国进口"	,"120055891"	,"2020-12-31"	,"345219.4297"	,
"斯洛文尼亚"	,"从中国进口"	,"120055891"	,"2021-12-31"	,"536313"	,
"斯洛文尼亚"	,"从中国进口"	,"120055891"	,"2022-12-31"	,"683493"	,
"斯洛文尼亚"	,"从中国进口"	,"120055891"	,"2023-12-31"	,"619806"	,
"斯洛文尼亚"	,"从中国进口"	,"120055891"	,"2024-12-31"	,"612548.9581"	,
"乌克兰"	,"对中国出口"	,"120055683"	,"2016-12-31"	,"249079.5"	,
"乌克兰"	,"对中国出口"	,"120055683"	,"2017-12-31"	,"233964.2"	,
"乌克兰"	,"对中国出口"	,"120055683"	,"2018-12-31"	,"264503"	,
"乌克兰"	,"对中国出口"	,"120055683"	,"2019-12-31"	,"450900.9448"	,
"乌克兰"	,"对中国出口"	,"120055683"	,"2020-12-31"	,"800175.2356"	,
"乌克兰"	,"对中国出口"	,"120055683"	,"2021-12-31"	,"977446"	,
"乌克兰"	,"对中国出口"	,"120055683"	,"2022-12-31"	,"434923"	,
"乌克兰"	,"对中国出口"	,"120055683"	,"2023-12-31"	,"403028"	,
"乌克兰"	,"对中国出口"	,"120055683"	,"2024-12-31"	,"428929.0487"	,
"乌克兰"	,"从中国进口"	,"120055893"	,"2016-12-31"	,"422022.9"	,
"乌克兰"	,"从中国进口"	,"120055893"	,"2017-12-31"	,"504064.5"	,
"乌克兰"	,"从中国进口"	,"120055893"	,"2018-12-31"	,"701850.2"	,
"乌克兰"	,"从中国进口"	,"120055893"	,"2019-12-31"	,"739957.4556"	,
"乌克兰"	,"从中国进口"	,"120055893"	,"2020-12-31"	,"687801.0393"	,
"乌克兰"	,"从中国进口"	,"120055893"	,"2021-12-31"	,"940443"	,
"乌克兰"	,"从中国进口"	,"120055893"	,"2022-12-31"	,"329468"	,
"乌克兰"	,"从中国进口"	,"120055893"	,"2023-12-31"	,"278135"	,
"乌克兰"	,"从中国进口"	,"120055893"	,"2024-12-31"	,"370288.777"	,
"希腊"	,"对中国出口"	,"120055709"	,"2016-12-31"	,"28310.6"	,
"希腊"	,"对中国出口"	,"120055709"	,"2017-12-31"	,"43004"	,
"希腊"	,"对中国出口"	,"120055709"	,"2018-12-31"	,"56250.8"	,
"希腊"	,"对中国出口"	,"120055709"	,"2019-12-31"	,"72525.463"	,
"希腊"	,"对中国出口"	,"120055709"	,"2020-12-31"	,"77389.1395"	,
"希腊"	,"对中国出口"	,"120055709"	,"2021-12-31"	,"97322"	,
"希腊"	,"对中国出口"	,"120055709"	,"2022-12-31"	,"83579"	,
"希腊"	,"对中国出口"	,"120055709"	,"2023-12-31"	,"83239"	,
"希腊"	,"对中国出口"	,"120055709"	,"2024-12-31"	,"106059.6124"	,
"希腊"	,"从中国进口"	,"120055922"	,"2016-12-31"	,"420269"	,
"希腊"	,"从中国进口"	,"120055922"	,"2017-12-31"	,"475138.1"	,
"希腊"	,"从中国进口"	,"120055922"	,"2018-12-31"	,"649832"	,
"希腊"	,"从中国进口"	,"120055922"	,"2019-12-31"	,"774011.5331"	,
"希腊"	,"从中国进口"	,"120055922"	,"2020-12-31"	,"703659.3162"	,
"希腊"	,"从中国进口"	,"120055922"	,"2021-12-31"	,"1117965"	,
"希腊"	,"从中国进口"	,"120055922"	,"2022-12-31"	,"1286372"	,
"希腊"	,"从中国进口"	,"120055922"	,"2023-12-31"	,"1276260"	,
"希腊"	,"从中国进口"	,"120055922"	,"2024-12-31"	,"1180540.2065"	,
"匈牙利"	,"对中国出口"	,"120055703"	,"2016-12-31"	,"346423"	,
"匈牙利"	,"对中国出口"	,"120055703"	,"2017-12-31"	,"407722.4"	,
"匈牙利"	,"对中国出口"	,"120055703"	,"2018-12-31"	,"434207.4"	,
"匈牙利"	,"对中国出口"	,"120055703"	,"2019-12-31"	,"374502.0256"	,
"匈牙利"	,"对中国出口"	,"120055703"	,"2020-12-31"	,"428289.8329"	,
"匈牙利"	,"对中国出口"	,"120055703"	,"2021-12-31"	,"557035"	,
"匈牙利"	,"对中国出口"	,"120055703"	,"2022-12-31"	,"504885"	,
"匈牙利"	,"对中国出口"	,"120055703"	,"2023-12-31"	,"472932"	,
"匈牙利"	,"对中国出口"	,"120055703"	,"2024-12-31"	,"479857.0961"	,
"匈牙利"	,"从中国进口"	,"120055913"	,"2016-12-31"	,"542516.5"	,
"匈牙利"	,"从中国进口"	,"120055913"	,"2017-12-31"	,"604934.5"	,
"匈牙利"	,"从中国进口"	,"120055913"	,"2018-12-31"	,"654021.4"	,
"匈牙利"	,"从中国进口"	,"120055913"	,"2019-12-31"	,"647285.5061"	,
"匈牙利"	,"从中国进口"	,"120055913"	,"2020-12-31"	,"740372.17"	,
"匈牙利"	,"从中国进口"	,"120055913"	,"2021-12-31"	,"1014163"	,
"匈牙利"	,"从中国进口"	,"120055913"	,"2022-12-31"	,"1045370"	,
"匈牙利"	,"从中国进口"	,"120055913"	,"2023-12-31"	,"979536"	,
"匈牙利"	,"从中国进口"	,"120055913"	,"2024-12-31"	,"1140708.0327"	,
"意大利"	,"对中国出口"	,"120055712"	,"2016-12-31"	,"1671318.5"	,
"意大利"	,"对中国出口"	,"120055712"	,"2017-12-31"	,"2049794.2"	,
"意大利"	,"对中国出口"	,"120055712"	,"2018-12-31"	,"2106219.4"	,
"意大利"	,"对中国出口"	,"120055712"	,"2019-12-31"	,"2142434.8961"	,
"意大利"	,"对中国出口"	,"120055712"	,"2020-12-31"	,"2224955.4645"	,
"意大利"	,"对中国出口"	,"120055712"	,"2021-12-31"	,"3032373"	,
"意大利"	,"对中国出口"	,"120055712"	,"2022-12-31"	,"2687118"	,
"意大利"	,"对中国出口"	,"120055712"	,"2023-12-31"	,"2722413"	,
"意大利"	,"对中国出口"	,"120055712"	,"2024-12-31"	,"2634753.1927"	,
"意大利"	,"从中国进口"	,"120055925"	,"2016-12-31"	,"2638835.3"	,
"意大利"	,"从中国进口"	,"120055925"	,"2017-12-31"	,"2919996.2"	,
"意大利"	,"从中国进口"	,"120055925"	,"2018-12-31"	,"3317161"	,
"意大利"	,"从中国进口"	,"120055925"	,"2019-12-31"	,"3351978.4047"	,
"意大利"	,"从中国进口"	,"120055925"	,"2020-12-31"	,"3291470.6234"	,
"意大利"	,"从中国进口"	,"120055925"	,"2021-12-31"	,"4362921"	,
"意大利"	,"从中国进口"	,"120055925"	,"2022-12-31"	,"5055928"	,
"意大利"	,"从中国进口"	,"120055925"	,"2023-12-31"	,"4452099"	,
"意大利"	,"从中国进口"	,"120055925"	,"2024-12-31"	,"4619472.5457"	,